order_id,customer_id,channel_id,order_date,order_status,gross_amount,discount_applied,net_amount,order_value,currency
O00001,C00001,CH0001,2026-05-02,Completed,323.80,9.50,314.30,314.30,KRW
O00002,C00002,CH0002,2026-05-03,Completed,611.30,14.00,597.30,597.30,KRW
O00003,C00003,CH0003,2026-05-04,Completed,87.70,18.50,69.20,69.20,KRW
O00004,C00004,CH0004,2026-05-05,Completed,712.30,163.83,548.47,548.47,KRW
O00005,C00005,CH0001,2026-05-06,Completed,1077.50,0.00,1077.50,1077.50,KRW
O00006,C00006,CH0002,2026-05-07,Completed,165.40,32.00,133.40,133.40,KRW
O00007,C00007,CH0003,2026-05-08,Completed,1110.80,67.00,1043.80,1043.80,KRW
O00008,C00008,CH0004,2026-05-09,Completed,1543.70,632.92,910.78,910.78,KRW
O00009,C00009,CH0001,2026-05-10,Completed,243.10,45.50,197.60,197.60,KRW
O00010,C00010,CH0002,2026-05-11,Completed,1489.30,0.00,1489.30,1489.30,KRW
O00011,C00011,CH0003,2026-05-12,Completed,2009.90,9.50,2000.40,2000.40,KRW
O00012,C00012,CH0004,2026-05-13,Completed,320.80,44.91,275.89,275.89,KRW
O00013,C00013,CH0001,,Completed,1877.80,18.50,1859.30,1859.30,KRW
O00014,C00014,CH0002,2026-05-15,Completed,2476.10,34.00,2442.10,2442.10,KRW
O00015,C00015,CH0003,2026-05-16,Completed,398.50,0.00,398.50,398.50,KRW
O00016,C00016,CH0004,2026-05-17,Completed,2266.30,725.22,1541.08,1541.08,KRW
O00017,C00017,CH0001,2026-05-18,Cancelled,2942.30,36.50,2905.80,2905.80,KRW
O00018,C00018,CH0002,2026-05-19,Completed,476.20,41.00,435.20,435.20,KRW
O00019,C00019,CH0003,2026-05-20,Completed,2654.80,45.50,2609.30,2609.30,KRW
O00020,C00020,CH0004,2026-05-21,Completed,3408.50,0.00,3408.50,3408.50,KRW
O00021,C00021,CH0001,2026-05-22,Completed,553.90,46.00,507.90,507.90,KRW
O00022,C00022,CH0002,2026-05-23,Completed,3043.30,14.00,3029.30,3029.30,KRW
O00023,C00023,CH0003,2026-05-24,Completed,3874.70,18.50,3856.20,3856.20,KRW
O00024,C00024,CH0004,2026-05-25,Completed,631.60,145.27,486.33,486.33,KRW
O00025,C00025,CH0001,2026-05-26,Completed,3431.80,0.00,3431.80,3431.80,KRW
O00026,C00026,CH0002,2026-05-27,Completed,4340.90,32.00,4308.90,4308.90,KRW
O00027,C00027,CH0003,2026-05-28,Completed,709.30,36.50,672.80,672.80,KRW
O00028,C00028,CH0004,2026-05-29,Completed,3820.30,2215.77,1604.53,1604.53,KRW
O00029,C00029,CH0001,2026-05-30,Completed,4807.10,45.50,4761.60,4761.60,KRW
O00030,C00030,CH0002,2026-05-31,Completed,787.00,0.00,787.00,787.00,KRW
O00031,C00031,CH0003,2026-06-01,Completed,4208.80,9.50,4199.30,4199.30,KRW
O00032,C00032,CH0004,2026-06-02,Completed,3423.30,479.26,2944.04,2944.04,KRW
O00033,C00033,CH0001,2026-06-03,Completed,-864.70,-864.70,0.00,0.00,KRW
O00034,C00034,CH0002,2026-06-04,Cancelled,1822.30,23.00,1799.30,1799.30,KRW
O00035,C00035,CH0003,2026-06-05,Completed,2964.50,42.50,2922.00,2922.00,KRW
O00036,C00036,CH0004,2026-06-06,Completed,17.40,5.57,11.83,11.83,KRW
O00037,C00037,CH0001,2026-06-07,Completed,360.80,36.50,324.30,324.30,KRW
O00038,C00038,CH0002,2026-06-08,Completed,655.70,41.00,614.70,614.70,KRW
O00039,C00039,CH0003,2026-06-09,Completed,95.10,45.50,49.60,49.60,KRW
O00040,C00040,CH0004,2026-06-10,Completed,749.30,0.00,749.30,749.30,KRW
O00041,C00041,CH0001,2026-06-11,Completed,1121.90,9.50,1112.40,1112.40,KRW
O00042,C00042,CH0002,2026-06-12,Completed,172.80,37.00,135.80,135.80,KRW
O00043,C00043,CH0003,2026-06-13,Completed,1137.80,18.50,1119.30,1119.30,KRW
O00044,C00044,CH0004,2026-06-14,Completed,1588.10,365.26,1222.84,1222.84,KRW
O00045,C00045,CH0001,2026-06-15,Completed,250.50,0.00,250.50,250.50,KRW
O00046,C00046,CH0002,2026-06-16,Completed,1526.30,32.00,1494.30,1494.30,KRW
O00047,C00047,CH0003,2026-06-17,Completed,2054.30,36.50,2017.80,2017.80,KRW
O00048,C00048,CH0004,2026-06-18,Completed,328.20,134.56,193.64,193.64,KRW
O00049,C00049,CH0001,2026-06-19,Completed,1914.80,94.00,1820.80,1820.80,KRW
O00050,C00050,CH0002,2026-06-20,Completed,2520.50,0.00,2520.50,2520.50,KRW
O00051,C00051,CH0003,2026-06-21,Cancelled,405.90,9.50,396.40,396.40,KRW
O00052,C00052,CH0004,2026-06-22,Completed,2303.30,322.46,1980.84,1980.84,KRW
O00053,C00053,CH0001,2026-06-23,Completed,2986.70,18.50,2968.20,2968.20,KRW
O00054,C00054,CH0002,2026-06-24,Completed,483.60,23.00,460.60,460.60,KRW
O00055,C00055,CH0003,2026-06-25,Completed,2691.80,0.00,2691.80,2691.80,KRW
O00056,C00056,CH0004,2026-06-26,Completed,3452.90,2106.27,1346.63,1346.63,KRW
O00057,C00057,CH0001,2026-06-27,Completed,561.30,36.50,524.80,524.80,KRW
O00058,C00058,CH0002,2026-06-28,Completed,3080.30,41.00,3039.30,3039.30,KRW
O00059,C00059,CH0003,2026-06-29,Completed,3919.10,45.50,3873.60,3873.60,KRW
O00060,C00060,CH0004,2026-05-01,Completed,639.00,0.00,639.00,639.00,KRW
O00061,C00061,CH0001,2026-05-02,Completed,3468.80,9.50,3459.30,3459.30,KRW
O00062,C00062,CH0002,2026-05-03,Completed,4385.30,14.00,4371.30,4371.30,KRW
O00063,C00063,CH0003,2026-05-04,Completed,716.70,28.00,688.70,688.70,KRW
O00064,C00064,CH0004,2026-05-05,Completed,3857.30,887.18,2970.12,2970.12,KRW
O00065,C00065,CH0001,2026-05-06,Completed,4851.50,0.00,4851.50,4851.50,KRW
O00066,C00066,CH0002,2026-05-07,Completed,794.40,32.00,762.40,762.40,KRW
O00067,C00067,CH0003,2026-05-08,Completed,4245.80,36.50,4209.30,4209.30,KRW
O00068,C00068,CH0004,2026-05-09,Cancelled,3467.70,1421.76,2045.94,2045.94,KRW
O00069,C00069,CH0001,2026-05-10,Completed,872.10,45.50,826.60,826.60,KRW
O00070,C00070,CH0002,2026-05-11,Completed,1859.30,35.00,1824.30,1824.30,KRW
O00071,C00071,CH0003,2026-05-12,Completed,3008.90,9.50,2999.40,2999.40,KRW
O00072,C00072,CH0004,2026-05-13,Completed,24.80,3.47,21.33,21.33,KRW
O00073,C00073,CH0001,2026-05-14,Completed,397.80,18.50,379.30,379.30,KRW
O00074,C00074,CH0002,2026-05-15,Completed,700.10,23.00,677.10,677.10,KRW
O00075,C00075,CH0003,2026-05-16,Completed,102.50,0.00,102.50,102.50,KRW
O00076,C00076,CH0004,2026-05-17,Completed,786.30,251.62,534.68,534.68,KRW
O00077,C00077,CH0001,2026-05-18,Completed,1166.30,52.00,1114.30,1114.30,KRW
O00078,C00078,CH0002,2026-05-19,Completed,180.20,41.00,139.20,139.20,KRW
O00079,C00079,CH0003,2026-05-20,Completed,1174.80,45.50,1129.30,1129.30,KRW
O00080,C00080,CH0004,2026-05-21,Completed,1632.50,0.00,1632.50,1632.50,KRW
O00081,C00081,CH0001,2026-05-22,Completed,257.90,9.50,248.40,248.40,KRW
O00082,C00082,CH0002,2026-05-23,Completed,1563.30,14.00,1549.30,1549.30,KRW
O00083,C00083,CH0003,2026-05-24,Completed,2098.70,18.50,2080.20,2080.20,KRW
O00084,C00084,CH0004,2026-05-25,Completed,335.60,214.78,120.82,120.82,KRW
O00085,C00085,CH0001,2026-05-26,Cancelled,1951.80,0.00,1951.80,1951.80,KRW
O00086,C00086,CH0002,2026-05-27,Completed,2564.90,32.00,2532.90,2532.90,KRW
O00087,C00087,CH0003,2026-05-28,Completed,413.30,36.50,376.80,376.80,KRW
O00088,C00088,CH0004,2026-05-29,Completed,2340.30,959.52,1380.78,1380.78,KRW
O00089,C00089,CH0001,2026-05-30,Completed,3031.10,45.50,2985.60,2985.60,KRW
O00090,C00090,CH0002,2026-05-31,Completed,491.00,0.00,491.00,491.00,KRW
O00091,C00091,CH0003,2026-06-01,Completed,2728.80,16.00,2712.80,2712.80,KRW
O00092,C00092,CH0004,2026-06-02,Completed,3497.30,489.62,3007.68,3007.68,KRW
O00093,C00093,CH0001,2026-06-03,Completed,568.70,18.50,550.20,550.20,KRW
O00094,C00094,CH0002,2026-06-04,Completed,3117.30,23.00,3094.30,3094.30,KRW
O00095,C00095,CH0003,2026-06-05,Completed,3963.50,0.00,3963.50,3963.50,KRW
O00096,C00096,CH0004,2026-06-06,Completed,646.40,206.85,439.55,439.55,KRW
O00097,C00097,CH0001,2026-06-07,Completed,3505.80,36.50,3469.30,3469.30,KRW
O00098,C00098,CH0002,2026-06-08,Completed,4429.70,73.00,4356.70,4356.70,KRW
O00099,C00099,CH0003,2026-06-09,Completed,724.10,45.50,678.60,678.60,KRW
O00100,C00100,CH0004,2026-06-10,Completed,3894.30,0.00,3894.30,3894.30,KRW
O00101,C00101,CH0001,2026-06-11,Completed,4895.90,9.50,4886.40,4886.40,KRW
O00102,C00102,CH0002,2026-06-12,Cancelled,801.80,14.00,787.80,787.80,KRW
O00103,C00103,CH0003,2026-06-13,Completed,4282.80,18.50,4264.30,4264.30,KRW
O00104,C00104,CH0004,2026-06-14,Completed,3512.10,807.78,2704.32,2704.32,KRW
O00105,C00105,CH0001,2026-06-15,Completed,879.50,12.50,867.00,867.00,KRW
O00106,C00106,CH0002,2026-06-16,Completed,1896.30,32.00,1864.30,1864.30,KRW
O00107,C00107,CH0003,2026-06-17,Completed,3053.30,36.50,3016.80,3016.80,KRW
O00108,C00108,CH0004,2026-06-18,Completed,32.20,13.20,19.00,19.00,KRW
O00109,C00109,CH0001,2026-06-19,Completed,434.80,45.50,389.30,389.30,KRW
O00110,C00110,CH0002,2026-06-20,Completed,744.50,0.00,744.50,744.50,KRW
O00111,C00111,CH0003,2026-06-21,Completed,109.90,9.50,100.40,100.40,KRW
O00112,C00112,CH0004,2026-06-22,Completed,823.30,428.12,395.18,395.18,KRW
O00113,C00113,CH0001,2026-06-23,Completed,1210.70,18.50,1192.20,1192.20,KRW
O00114,C00114,CH0002,2026-06-24,Completed,187.60,23.00,164.60,164.60,KRW
O00115,C00115,CH0003,2026-06-25,Completed,1211.80,0.00,1211.80,1211.80,KRW
O00116,C00116,CH0004,2026-06-26,Completed,1676.90,536.61,1140.29,1140.29,KRW
O00117,C00117,CH0001,2026-06-27,Completed,265.30,36.50,228.80,228.80,KRW
O00118,C00118,CH0002,2026-06-28,Completed,1600.30,41.00,1559.30,1559.30,KRW
O00119,C00119,CH0003,2026-06-29,Cancelled,2143.10,64.00,2079.10,2079.10,KRW
O00120,C00120,CH0004,2026-05-01,Completed,343.00,0.00,343.00,343.00,KRW
O00121,C00121,CH0001,2026-05-02,Completed,1988.80,9.50,1979.30,1979.30,KRW
O00122,C00122,CH0002,2026-05-03,Completed,2609.30,14.00,2595.30,2595.30,KRW
O00123,C00123,CH0003,2026-05-04,Completed,420.70,18.50,402.20,402.20,KRW
O00124,C00124,CH0004,2026-05-05,Completed,2377.30,546.78,1830.52,1830.52,KRW
O00125,C00125,CH0001,2026-05-06,Completed,3075.50,0.00,3075.50,3075.50,KRW
O00126,C00126,CH0002,2026-05-07,Completed,498.40,76.00,422.40,422.40,KRW
O00127,C00127,CH0003,2026-05-08,Completed,2765.80,36.50,2729.30,2729.30,KRW
O00128,C00128,CH0004,2026-05-09,Completed,3541.70,1452.10,2089.60,2089.60,KRW
O00129,C00129,CH0001,2026-05-10,Completed,576.10,45.50,530.60,530.60,KRW
O00130,C00130,CH0002,2026-05-11,Completed,3154.30,0.00,3154.30,3154.30,KRW
O00131,C00131,CH0003,2026-05-12,Completed,4007.90,9.50,3998.40,3998.40,KRW
O00132,C00132,CH0004,2026-05-13,Completed,653.80,91.53,562.27,562.27,KRW
O00133,C00133,CH0001,2026-05-14,Completed,3542.80,43.00,3499.80,3499.80,KRW
O00134,C00134,CH0002,2026-05-15,Completed,4474.10,23.00,4451.10,4451.10,KRW
O00135,C00135,CH0003,2026-05-16,Completed,731.50,0.00,731.50,731.50,KRW
O00136,C00136,CH0004,2026-05-17,Cancelled,3931.30,1258.02,2673.28,2673.28,KRW
O00137,C00137,CH0001,2026-05-18,Completed,4940.30,36.50,4903.80,4903.80,KRW
O00138,C00138,CH0002,2026-05-19,Completed,809.20,41.00,768.20,768.20,KRW
O00139,C00139,CH0003,2026-05-20,Completed,4319.80,45.50,4274.30,4274.30,KRW
O00140,C00140,CH0004,2026-05-21,Completed,3556.50,177.83,3378.67,3378.67,KRW
O00141,C00141,CH0001,2026-05-22,Completed,886.90,9.50,877.40,877.40,KRW
O00142,C00142,CH0002,2026-05-23,Completed,1933.30,14.00,1919.30,1919.30,KRW
O00143,C00143,CH0003,2026-05-24,Completed,322.70,18.50,304.20,304.20,KRW
O00144,C00144,CH0004,2026-05-25,Completed,39.60,9.11,30.49,30.49,KRW
O00145,C00145,CH0001,2026-05-26,Completed,471.80,0.00,471.80,471.80,KRW
O00146,C00146,CH0002,2026-05-27,Completed,788.90,32.00,756.90,756.90,KRW
O00147,C00147,CH0003,2026-05-28,Completed,117.30,67.00,50.30,50.30,KRW
O00148,C00148,CH0004,2026-05-29,Completed,860.30,352.72,507.58,507.58,KRW
O00149,C00149,CH0001,2026-05-30,Completed,1255.10,45.50,1209.60,1209.60,KRW
O00150,C00150,CH0002,2026-05-31,Completed,195.00,0.00,195.00,195.00,KRW
O00151,C00151,CH0003,2026-06-01,Completed,1248.80,9.50,1239.30,1239.30,KRW
O00152,C00152,CH0004,2026-06-02,Completed,1721.30,240.98,1480.32,1480.32,KRW
O00153,C00153,CH0001,2026-06-03,Cancelled,272.70,18.50,254.20,254.20,KRW
O00154,C00154,CH0002,2026-06-04,Completed,1637.30,34.00,1603.30,1603.30,KRW
O00155,C00155,CH0003,2026-06-05,Completed,2187.50,0.00,2187.50,2187.50,KRW
O00156,C00156,CH0004,2026-06-06,Completed,350.40,112.13,238.27,238.27,KRW
O00157,C00157,CH0001,2026-06-07,Completed,2025.80,36.50,1989.30,1989.30,KRW
O00158,C00158,CH0002,2026-06-08,Completed,2653.70,41.00,2612.70,2612.70,KRW
O00159,C00159,CH0003,2026-06-09,Completed,428.10,45.50,382.60,382.60,KRW
O00160,C00160,CH0004,2026-06-10,Completed,2414.30,0.00,2414.30,2414.30,KRW
O00161,C00161,CH0001,2026-06-11,Completed,3119.90,46.00,3073.90,3073.90,KRW
O00162,C00162,CH0002,2026-06-12,Completed,505.80,14.00,491.80,491.80,KRW
O00163,C00163,CH0003,2026-06-13,Completed,2802.80,18.50,2784.30,2784.30,KRW
O00164,C00164,CH0004,2026-06-14,Completed,3586.10,824.80,2761.30,2761.30,KRW
O00165,C00165,CH0001,2026-06-15,Completed,583.50,0.00,583.50,583.50,KRW
O00166,C00166,CH0002,2026-06-16,Completed,3191.30,32.00,3159.30,3159.30,KRW
O00167,C00167,CH0003,2026-06-17,Completed,4052.30,36.50,4015.80,4015.80,KRW
O00168,C00168,CH0004,2026-06-18,Completed,661.20,383.50,277.70,277.70,KRW
O00169,C00169,CH0001,2026-06-19,Completed,3579.80,45.50,3534.30,3534.30,KRW
O00170,C00170,CH0002,2026-06-20,Cancelled,2298.50,0.00,2298.50,2298.50,KRW
O00171,C00171,CH0003,2026-06-21,Completed,738.90,9.50,729.40,729.40,KRW
O00172,C00172,CH0004,2026-06-22,Completed,268.30,37.56,230.74,230.74,KRW
O00173,C00173,CH0001,2026-06-23,Completed,544.70,18.50,526.20,526.20,KRW
O00174,C00174,CH0002,2026-06-24,Completed,76.60,23.00,53.60,53.60,KRW
O00175,C00175,CH0003,2026-06-25,Completed,656.80,42.50,614.30,614.30,KRW
O00176,C00176,CH0004,2026-06-26,Completed,1010.90,323.49,687.41,687.41,KRW
O00177,C00177,CH0001,2026-06-27,Completed,154.30,36.50,117.80,117.80,KRW
O00178,C00178,CH0002,2026-06-28,Completed,1045.30,41.00,1004.30,1004.30,KRW
O00179,C00179,CH0003,2026-06-29,Completed,1477.10,45.50,1431.60,1431.60,KRW
O00180,C00180,CH0004,2026-05-01,Completed,232.00,0.00,232.00,232.00,KRW
O00181,C00181,CH0001,2026-05-02,Completed,1433.80,9.50,1424.30,1424.30,KRW
O00182,C00182,CH0002,2026-05-03,Completed,1943.30,22.00,1921.30,1921.30,KRW
O00183,C00183,CH0003,2026-05-04,Completed,309.70,18.50,291.20,291.20,KRW
O00184,C00184,CH0004,2026-05-05,Completed,1822.30,419.13,1403.17,1403.17,KRW
O00185,C00185,CH0001,2026-05-06,Completed,2409.50,0.00,2409.50,2409.50,KRW
O00186,C00186,CH0002,2026-05-07,Completed,387.40,32.00,355.40,355.40,KRW
O00187,C00187,CH0003,2026-05-08,Cancelled,2210.80,36.50,2174.30,2174.30,KRW
O00188,C00188,CH0004,2026-05-09,Completed,2875.70,1179.04,1696.66,1696.66,KRW
O00189,C00189,CH0001,2026-05-10,Completed,465.10,79.00,386.10,386.10,KRW
O00190,C00190,CH0002,2026-05-11,Completed,2599.30,0.00,2599.30,2599.30,KRW
O00191,C00191,CH0003,2026-05-12,Completed,3341.90,9.50,3332.40,3332.40,KRW
O00192,C00192,CH0004,2026-05-13,Completed,542.80,75.99,466.81,466.81,KRW
O00193,C00193,CH0001,2026-05-14,Completed,2987.80,18.50,2969.30,2969.30,KRW
O00194,C00194,CH0002,2026-05-15,Completed,3808.10,23.00,3785.10,3785.10,KRW
O00195,C00195,CH0003,2026-05-16,Completed,620.50,0.00,620.50,620.50,KRW
O00196,C00196,CH0004,2026-05-17,Completed,3376.30,1553.10,1823.20,1823.20,KRW
O00197,C00197,CH0001,2026-05-18,Completed,4274.30,36.50,4237.80,4237.80,KRW
O00198,C00198,CH0002,2026-05-19,Completed,698.20,41.00,657.20,657.20,KRW
O00199,C00199,CH0003,2026-05-20,Completed,3764.80,45.50,3719.30,3719.30,KRW
O00200,C00200,CH0004,2026-05-21,Completed,4740.50,0.00,4740.50,4740.50,KRW
O00201,C00201,CH0001,2026-05-22,Completed,775.90,9.50,766.40,766.40,KRW
O00202,C00202,CH0002,2026-05-23,Completed,4153.30,14.00,4139.30,4139.30,KRW
O00203,C00203,CH0003,2026-05-24,Completed,5206.70,58.00,5148.70,5148.70,KRW
O00204,C00204,CH0004,2026-05-25,Cancelled,853.60,196.33,657.27,657.27,KRW
O00205,C00205,CH0001,2026-05-26,Completed,4541.80,0.00,4541.80,4541.80,KRW
O00206,C00206,CH0002,2026-05-27,Completed,2897.90,32.00,2865.90,2865.90,KRW
O00207,C00207,CH0003,2026-05-28,Completed,931.30,36.50,894.80,894.80,KRW
O00208,C00208,CH0004,2026-05-29,Completed,305.30,125.17,180.13,180.13,KRW
O00209,C00209,CH0001,2026-05-30,Completed,589.10,45.50,543.60,543.60,KRW
O00210,C00210,CH0002,2026-05-31,Completed,84.00,20.00,64.00,64.00,KRW
O00211,C00211,CH0003,2026-06-01,Completed,693.80,9.50,684.30,684.30,KRW
O00212,C00212,CH0004,2026-06-02,Completed,1055.30,147.74,907.56,907.56,KRW
O00213,C00213,CH0001,2026-06-03,Completed,161.70,18.50,143.20,143.20,KRW
O00214,C00214,CH0002,2026-06-04,Completed,1082.30,23.00,1059.30,1059.30,KRW
O00215,C00215,CH0003,2026-06-05,Completed,1521.50,0.00,1521.50,1521.50,KRW
O00216,C00216,CH0004,2026-06-06,Completed,239.40,76.61,162.79,162.79,KRW
O00217,C00217,CH0001,2026-06-07,Completed,1470.80,82.00,1388.80,1388.80,KRW
O00218,C00218,CH0002,2026-06-08,Completed,1987.70,41.00,1946.70,1946.70,KRW
O00219,C00219,CH0003,2026-06-09,Completed,317.10,45.50,271.60,271.60,KRW
O00220,C00220,CH0004,2026-06-10,Completed,1859.30,0.00,1859.30,1859.30,KRW
O00221,C00221,CH0001,2026-06-11,Cancelled,2453.90,9.50,2444.40,2444.40,KRW
O00222,C00222,CH0002,2026-06-12,Completed,394.80,14.00,380.80,380.80,KRW
O00223,C00223,CH0003,2026-06-13,Completed,2247.80,18.50,2229.30,2229.30,KRW
O00224,C00224,CH0004,2026-06-14,Completed,2920.10,1430.85,1489.25,1489.25,KRW
O00225,C00225,CH0001,2026-06-15,Completed,472.50,0.00,472.50,472.50,KRW
O00226,C00226,CH0002,2026-06-16,Completed,2636.30,32.00,2604.30,2604.30,KRW
O00227,C00227,CH0003,2026-06-17,Completed,3386.30,36.50,3349.80,3349.80,KRW
O00228,C00228,CH0004,2026-06-18,Completed,550.20,225.58,324.62,324.62,KRW
O00229,C00229,CH0001,2026-06-19,Completed,3024.80,45.50,2979.30,2979.30,KRW
O00230,C00230,CH0002,2026-06-20,Completed,3852.50,0.00,3852.50,3852.50,KRW
O00231,C00231,CH0003,2026-06-21,Completed,627.90,16.00,611.90,611.90,KRW
O00232,C00232,CH0004,2026-06-22,Completed,3413.30,477.86,2935.44,2935.44,KRW
O00233,C00233,CH0001,2026-06-23,Completed,4318.70,18.50,4300.20,4300.20,KRW
O00234,C00234,CH0002,2026-06-24,Completed,705.60,23.00,682.60,682.60,KRW
O00235,C00235,CH0003,2026-06-25,Completed,3801.80,0.00,3801.80,3801.80,KRW
O00236,C00236,CH0004,2026-06-26,Completed,4784.90,1531.17,3253.73,3253.73,KRW
O00237,C00237,CH0001,2026-06-27,Completed,783.30,36.50,746.80,746.80,KRW
O00238,C00238,CH0002,2026-06-28,Cancelled,4190.30,73.00,4117.30,4117.30,KRW
O00239,C00239,CH0003,2026-06-29,Completed,5251.10,45.50,5205.60,5205.60,KRW
O00240,C00240,CH0004,2026-05-01,Completed,861.00,0.00,861.00,861.00,KRW
O00241,C00241,CH0001,2026-05-02,Completed,1803.80,9.50,1794.30,1794.30,KRW
O00242,C00242,CH0002,2026-05-03,Completed,2942.30,14.00,2928.30,2928.30,KRW
O00243,C00243,CH0003,2026-05-04,Completed,13.70,13.70,0.00,0.00,KRW
O00244,C00244,CH0004,2026-05-05,Completed,342.30,78.73,263.57,263.57,KRW
O00245,C00245,CH0001,2026-05-06,Completed,633.50,12.50,621.00,621.00,KRW
O00246,C00246,CH0002,2026-05-07,Completed,91.40,32.00,59.40,59.40,KRW
O00247,C00247,CH0003,2026-05-08,Completed,730.80,36.50,694.30,694.30,KRW
O00248,C00248,CH0004,2026-05-09,Completed,1099.70,450.88,648.82,648.82,KRW
O00249,C00249,CH0001,2026-05-10,Completed,169.10,45.50,123.60,123.60,KRW
O00250,C00250,CH0002,2026-05-11,Completed,1119.30,0.00,1119.30,1119.30,KRW
O00251,C00251,CH0003,2026-05-12,Completed,1565.90,9.50,1556.40,1556.40,KRW
O00252,C00252,CH0004,2026-05-13,Completed,246.80,128.34,118.46,118.46,KRW
O00253,C00253,CH0001,2026-05-14,Completed,1507.80,18.50,1489.30,1489.30,KRW
O00254,C00254,CH0002,2026-05-15,Completed,2032.10,23.00,2009.10,2009.10,KRW
O00255,C00255,CH0003,2026-05-16,Cancelled,324.50,0.00,324.50,324.50,KRW
O00256,C00256,CH0004,2026-05-17,Completed,1896.30,606.82,1289.48,1289.48,KRW
O00257,C00257,CH0001,2026-05-18,Completed,2498.30,36.50,2461.80,2461.80,KRW
O00258,C00258,CH0002,2026-05-19,Completed,402.20,41.00,361.20,361.20,KRW
O00259,C00259,CH0003,2026-05-20,Completed,2284.80,64.00,2220.80,2220.80,KRW
O00260,C00260,CH0004,2026-05-21,Completed,2964.50,0.00,2964.50,2964.50,KRW
O00261,C00261,CH0001,2026-05-22,Completed,479.90,9.50,470.40,470.40,KRW
O00262,C00262,CH0002,2026-05-23,Completed,2673.30,14.00,2659.30,2659.30,KRW
O00263,C00263,CH0003,2026-05-24,Completed,3430.70,18.50,3412.20,3412.20,KRW
O00264,C00264,CH0004,2026-05-25,Completed,557.60,128.25,429.35,429.35,KRW
O00265,C00265,CH0001,2026-05-26,Completed,3061.80,0.00,3061.80,3061.80,KRW
O00266,C00266,CH0002,2026-05-27,Completed,3896.90,76.00,3820.90,3820.90,KRW
O00267,C00267,CH0003,2026-05-28,Completed,635.30,36.50,598.80,598.80,KRW
O00268,C00268,CH0004,2026-05-29,Completed,3450.30,1414.62,2035.68,2035.68,KRW
O00269,C00269,CH0001,2026-05-30,Completed,4363.10,45.50,4317.60,4317.60,KRW
O00270,C00270,CH0002,2026-05-31,Completed,713.00,0.00,713.00,713.00,KRW
O00271,C00271,CH0003,2026-06-01,Completed,3838.80,9.50,3829.30,3829.30,KRW
O00272,C00272,CH0004,2026-06-02,Cancelled,4829.30,676.10,4153.20,4153.20,KRW
O00273,C00273,CH0001,2026-06-03,Completed,790.70,28.00,762.70,762.70,KRW
O00274,C00274,CH0002,2026-06-04,Completed,4227.30,23.00,4204.30,4204.30,KRW
O00275,C00275,CH0003,2026-06-05,Completed,3445.50,0.00,3445.50,3445.50,KRW
O00276,C00276,CH0004,2026-06-06,Completed,868.40,277.89,590.51,590.51,KRW
O00277,C00277,CH0001,2026-06-07,Completed,1840.80,36.50,1804.30,1804.30,KRW
O00278,C00278,CH0002,2026-06-08,Completed,2986.70,41.00,2945.70,2945.70,KRW
O00279,C00279,CH0003,2026-06-09,Completed,21.10,21.10,0.00,0.00,KRW
O00280,C00280,CH0004,2026-06-10,Completed,379.30,132.75,246.55,246.55,KRW
O00281,C00281,CH0001,2026-06-11,Completed,677.90,9.50,668.40,668.40,KRW
O00282,C00282,CH0002,2026-06-12,Completed,98.80,14.00,84.80,84.80,KRW
O00283,C00283,CH0003,2026-06-13,Completed,767.80,18.50,749.30,749.30,KRW
O00284,C00284,CH0004,2026-06-14,Completed,1144.10,263.14,880.96,880.96,KRW
O00285,C00285,CH0001,2026-06-15,Completed,176.50,0.00,176.50,176.50,KRW
O00286,C00286,CH0002,2026-06-16,Completed,1156.30,32.00,1124.30,1124.30,KRW
O00287,C00287,CH0003,2026-06-17,Completed,1610.30,52.00,1558.30,1558.30,KRW
O00288,C00288,CH0004,2026-06-18,Completed,254.20,104.22,149.98,149.98,KRW
O00289,C00289,CH0001,2026-06-19,Cancelled,1544.80,45.50,1499.30,1499.30,KRW
O00290,C00290,CH0002,2026-06-20,Completed,2076.50,0.00,2076.50,2076.50,KRW
O00291,C00291,CH0003,2026-06-21,Completed,331.90,9.50,322.40,322.40,KRW
O00292,C00292,CH0004,2026-06-22,Completed,1933.30,270.66,1662.64,1662.64,KRW
O00293,C00293,CH0001,2026-06-23,Completed,2542.70,18.50,2524.20,2524.20,KRW
O00294,C00294,CH0002,2026-06-24,Completed,409.60,64.00,345.60,345.60,KRW
O00295,C00295,CH0003,2026-06-25,Completed,2321.80,0.00,2321.80,2321.80,KRW
O00296,C00296,CH0004,2026-06-26,Completed,3008.90,962.85,2046.05,2046.05,KRW
O00297,C00297,CH0001,2026-06-27,Completed,487.30,36.50,450.80,450.80,KRW
O00298,C00298,CH0002,2026-06-28,Completed,2710.30,41.00,2669.30,2669.30,KRW
O00299,C00299,CH0003,2026-06-29,Completed,3475.10,45.50,3429.60,3429.60,KRW
O00300,C00300,CH0004,2026-05-01,Completed,565.00,0.00,565.00,565.00,KRW
O00301,C00301,CH0001,2026-05-02,Completed,3098.80,31.00,3067.80,3067.80,KRW
O00302,C00302,CH0002,2026-05-03,Completed,3941.30,14.00,3927.30,3927.30,KRW
O00303,C00303,CH0003,2026-05-04,Completed,642.70,18.50,624.20,624.20,KRW
O00304,C00304,CH0004,2026-05-05,Completed,3487.30,802.08,2685.22,2685.22,KRW
O00305,C00305,CH0001,2026-05-06,Completed,4407.50,0.00,4407.50,4407.50,KRW
O00306,C00306,CH0002,2026-05-07,Cancelled,720.40,32.00,688.40,688.40,KRW
O00307,C00307,CH0003,2026-05-08,Completed,3875.80,36.50,3839.30,3839.30,KRW
O00308,C00308,CH0004,2026-05-09,Completed,4873.70,4288.86,584.84,584.84,KRW
O00309,C00309,CH0001,2026-05-10,Completed,798.10,45.50,752.60,752.60,KRW
O00310,C00310,CH0002,2026-05-11,Completed,4264.30,0.00,4264.30,4264.30,KRW
O00311,C00311,CH0003,2026-05-12,Completed,3489.90,9.50,3480.40,3480.40,KRW
O00312,C00312,CH0004,2026-05-13,Completed,875.80,122.61,753.19,753.19,KRW
O00313,C00313,CH0001,2026-05-14,Completed,1877.80,18.50,1859.30,1859.30,KRW
O00314,C00314,CH0002,2026-05-15,Completed,3031.10,23.00,3008.10,3008.10,KRW
O00315,C00315,CH0003,2026-05-16,Completed,28.50,27.50,1.00,1.00,KRW
O00316,C00316,CH0004,2026-05-17,Completed,416.30,133.22,283.08,283.08,KRW
O00317,C00317,CH0001,2026-05-18,Completed,722.30,36.50,685.80,685.80,KRW
O00318,C00318,CH0002,2026-05-19,Completed,106.20,41.00,65.20,65.20,KRW
O00319,C00319,CH0003,2026-05-20,Completed,804.80,45.50,759.30,759.30,KRW
O00320,C00320,CH0004,2026-05-21,Completed,1188.50,0.00,1188.50,1188.50,KRW
O00321,C00321,CH0001,2026-05-22,Completed,183.90,9.50,174.40,174.40,KRW
O00322,C00322,CH0002,2026-05-23,Completed,1193.30,22.00,1171.30,1171.30,KRW
O00323,C00323,CH0003,2026-05-24,Cancelled,1654.70,18.50,1636.20,1636.20,KRW
O00324,C00324,CH0004,2026-05-25,Completed,261.60,60.17,201.43,201.43,KRW
O00325,C00325,CH0001,2026-05-26,Completed,1581.80,0.00,1581.80,1581.80,KRW
O00326,C00326,CH0002,2026-05-27,Completed,2120.90,32.00,2088.90,2088.90,KRW
O00327,C00327,CH0003,2026-05-28,Completed,339.30,36.50,302.80,302.80,KRW
O00328,C00328,CH0004,2026-05-29,Completed,1970.30,807.82,1162.48,1162.48,KRW
O00329,C00329,CH0001,2026-05-30,Completed,2587.10,79.00,2508.10,2508.10,KRW
O00330,C00330,CH0002,2026-05-31,Completed,417.00,0.00,417.00,417.00,KRW
O00331,C00331,CH0003,2026-06-01,Completed,2358.80,9.50,2349.30,2349.30,KRW
O00332,C00332,CH0004,2026-06-02,Completed,3053.30,427.46,2625.84,2625.84,KRW
O00333,C00333,CH0001,2026-06-03,Completed,494.70,18.50,476.20,476.20,KRW
O00334,C00334,CH0002,2026-06-04,Completed,2747.30,8.00,2739.30,2739.30,KRW
O00335,C00335,CH0003,2026-06-05,Completed,3519.50,0.00,3519.50,3519.50,KRW
O00336,C00336,CH0004,2026-06-06,Completed,572.40,177.44,394.96,394.96,KRW
O00337,C00337,CH0001,2026-06-07,Completed,3135.80,21.50,3114.30,3114.30,KRW
O00338,C00338,CH0002,2026-06-08,Completed,3985.70,26.00,3959.70,3959.70,KRW
O00339,C00339,CH0003,2026-06-09,Completed,650.10,30.50,619.60,619.60,KRW
O00340,C00340,CH0004,2026-06-10,Cancelled,3524.30,0.00,3524.30,3524.30,KRW
O00341,C00341,CH0001,2026-06-11,Completed,2971.90,39.50,2932.40,2932.40,KRW
O00342,C00342,CH0002,2026-06-12,Completed,727.80,44.00,683.80,683.80,KRW
O00343,C00343,CH0003,2026-06-13,Completed,212.80,88.00,124.80,124.80,KRW
O00344,C00344,CH0004,2026-06-14,Completed,478.10,38.25,439.85,439.85,KRW
O00345,C00345,CH0001,2026-06-15,Completed,65.50,0.00,65.50,65.50,KRW
O00346,C00346,CH0002,2026-06-16,Completed,601.30,17.00,584.30,584.30,KRW
O00347,C00347,CH0003,2026-06-17,Completed,944.30,21.50,922.80,922.80,KRW
O00348,C00348,CH0004,2026-06-18,Completed,143.20,37.23,105.97,105.97,KRW
O00349,C00349,CH0001,2026-06-19,Completed,989.80,30.50,959.30,959.30,KRW
O00350,C00350,CH0002,2026-06-20,Completed,825.50,20.00,805.50,805.50,KRW
O00351,C00351,CH0003,2026-06-21,Completed,220.90,39.50,181.40,181.40,KRW
O00352,C00352,CH0004,2026-06-22,Completed,1378.30,606.45,771.85,771.85,KRW
O00353,C00353,CH0001,2026-06-23,Completed,1876.70,48.50,1828.20,1828.20,KRW
O00354,C00354,CH0002,2026-06-24,Completed,298.60,8.00,290.60,290.60,KRW
O00355,C00355,CH0003,2026-06-25,Completed,1766.80,0.00,1766.80,1766.80,KRW
O00356,C00356,CH0004,2026-06-26,Completed,2342.90,398.29,1944.61,1944.61,KRW
O00357,C00357,CH0001,2026-06-27,Cancelled,376.30,67.00,309.30,309.30,KRW
O00358,C00358,CH0002,2026-06-28,Completed,2155.30,26.00,2129.30,2129.30,KRW
O00359,C00359,CH0003,2026-06-29,Completed,2809.10,30.50,2778.60,2778.60,KRW
O00360,C00360,CH0004,2026-05-01,Completed,454.00,0.00,454.00,454.00,KRW
O00361,C00361,CH0001,2026-05-02,Completed,2543.80,39.50,2504.30,2504.30,KRW
O00362,C00362,CH0002,2026-05-03,Completed,3275.30,44.00,3231.30,3231.30,KRW
O00363,C00363,CH0003,2026-05-04,Completed,531.70,48.50,483.20,483.20,KRW
O00364,C00364,CH0004,2026-05-05,Completed,2932.30,557.14,2375.16,2375.16,KRW
O00365,C00365,CH0001,2026-05-06,Completed,3741.50,0.00,3741.50,3741.50,KRW
O00366,C00366,CH0002,2026-05-07,Completed,609.40,17.00,592.40,592.40,KRW
O00367,C00367,CH0003,2026-05-08,Completed,3320.80,21.50,3299.30,3299.30,KRW
O00368,C00368,CH0004,2026-05-09,Completed,4207.70,1094.00,3113.70,3113.70,KRW
O00369,C00369,CH0001,2026-05-10,Completed,687.10,30.50,656.60,656.60,KRW
O00370,C00370,CH0002,2026-05-11,Completed,3709.30,0.00,3709.30,3709.30,KRW
O00371,C00371,CH0003,2026-05-12,Completed,4673.90,76.00,4597.90,4597.90,KRW
O00372,C00372,CH0004,2026-05-13,Completed,764.80,336.51,428.29,428.29,KRW
O00373,C00373,CH0001,2026-05-14,Completed,4097.80,48.50,4049.30,4049.30,KRW
O00374,C00374,CH0002,2026-05-15,Cancelled,5140.10,8.00,5132.10,5132.10,KRW
O00375,C00375,CH0003,2026-05-16,Completed,842.50,0.00,842.50,842.50,KRW
O00376,C00376,CH0004,2026-05-17,Completed,4486.30,762.67,3723.63,3723.63,KRW
O00377,C00377,CH0001,2026-05-18,Completed,2831.30,21.50,2809.80,2809.80,KRW
O00378,C00378,CH0002,2026-05-19,Completed,920.20,43.00,877.20,877.20,KRW
O00379,C00379,CH0003,2026-05-20,Completed,249.80,30.50,219.30,219.30,KRW
O00380,C00380,CH0004,2026-05-21,Completed,522.50,0.00,522.50,522.50,KRW
O00381,C00381,CH0001,2026-05-22,Completed,72.90,39.50,33.40,33.40,KRW
O00382,C00382,CH0002,2026-05-23,Completed,638.30,44.00,594.30,594.30,KRW
O00383,C00383,CH0003,2026-05-24,Completed,988.70,48.50,940.20,940.20,KRW
O00384,C00384,CH0004,2026-05-25,Completed,150.60,12.05,138.55,138.55,KRW
O00385,C00385,CH0001,2026-05-26,Completed,1026.80,42.50,984.30,984.30,KRW
O00386,C00386,CH0002,2026-05-27,Completed,1454.90,17.00,1437.90,1437.90,KRW
O00387,C00387,CH0003,2026-05-28,Completed,228.30,21.50,206.80,206.80,KRW
O00388,C00388,CH0004,2026-05-29,Completed,1415.30,367.98,1047.32,1047.32,KRW
O00389,C00389,CH0001,2026-05-30,Completed,1921.10,30.50,1890.60,1890.60,KRW
O00390,C00390,CH0002,2026-05-31,Completed,306.00,0.00,306.00,306.00,KRW
O00391,C00391,CH0003,2026-06-01,Cancelled,1803.80,39.50,1764.30,1764.30,KRW
O00392,C00392,CH0004,2026-06-02,Completed,2387.30,1599.49,787.81,787.81,KRW
O00393,C00393,CH0001,2026-06-03,Completed,383.70,48.50,335.20,335.20,KRW
O00394,C00394,CH0002,2026-06-04,Completed,2192.30,8.00,2184.30,2184.30,KRW
O00395,C00395,CH0003,2026-06-05,Completed,2853.50,0.00,2853.50,2853.50,KRW
O00396,C00396,CH0004,2026-06-06,Completed,461.40,78.44,382.96,382.96,KRW
O00397,C00397,CH0001,2026-06-07,Completed,2580.80,21.50,2559.30,2559.30,KRW
O00398,C00398,CH0002,2026-06-08,Completed,3319.70,26.00,3293.70,3293.70,KRW
O00399,C00399,CH0003,2026-06-09,Completed,539.10,79.00,460.10,460.10,KRW
O00400,C00400,CH0004,2026-06-10,Completed,2969.30,0.00,2969.30,2969.30,KRW
O00401,C00401,CH0001,2026-06-11,Completed,3785.90,39.50,3746.40,3746.40,KRW
O00402,C00402,CH0002,2026-06-12,Completed,616.80,44.00,572.80,572.80,KRW
O00403,C00403,CH0003,2026-06-13,Completed,3357.80,48.50,3309.30,3309.30,KRW
O00404,C00404,CH0004,2026-06-14,Completed,4252.10,340.17,3911.93,3911.93,KRW
O00405,C00405,CH0001,2026-06-15,Completed,694.50,0.00,694.50,694.50,KRW
O00406,C00406,CH0002,2026-06-16,Completed,3746.30,46.00,3700.30,3700.30,KRW
O00407,C00407,CH0003,2026-06-17,Completed,4718.30,21.50,4696.80,4696.80,KRW
O00408,C00408,CH0004,2026-06-18,Cancelled,772.20,200.77,571.43,571.43,KRW
O00409,C00409,CH0001,2026-06-19,Completed,4134.80,30.50,4104.30,4104.30,KRW
O00410,C00410,CH0002,2026-06-20,Completed,5184.50,0.00,5184.50,5184.50,KRW
O00411,C00411,CH0003,2026-06-21,Completed,849.90,39.50,810.40,810.40,KRW
O00412,C00412,CH0004,2026-06-22,Completed,4523.30,1990.25,2533.05,2533.05,KRW
O00413,C00413,CH0001,2026-06-23,Completed,2875.70,58.00,2817.70,2817.70,KRW
O00414,C00414,CH0002,2026-06-24,Completed,927.60,8.00,919.60,919.60,KRW
O00415,C00415,CH0003,2026-06-25,Completed,286.80,0.00,286.80,286.80,KRW
O00416,C00416,CH0004,2026-06-26,Completed,566.90,96.37,470.53,470.53,KRW
O00417,C00417,CH0001,2026-06-27,Completed,80.30,21.50,58.80,58.80,KRW
O00418,C00418,CH0002,2026-06-28,Completed,675.30,26.00,649.30,649.30,KRW
O00419,C00419,CH0003,2026-06-29,Completed,1033.10,30.50,1002.60,1002.60,KRW
O00420,C00420,CH0004,2026-05-01,Completed,158.00,55.30,102.70,102.70,KRW
O00421,C00421,CH0001,2026-05-02,Completed,1063.80,39.50,1024.30,1024.30,KRW
O00422,C00422,CH0002,2026-05-03,Completed,1499.30,44.00,1455.30,1455.30,KRW
O00423,C00423,CH0003,2026-05-04,Completed,235.70,48.50,187.20,187.20,KRW
O00424,C00424,CH0004,2026-05-05,Completed,1452.30,116.18,1336.12,1336.12,KRW
O00425,C00425,CH0001,2026-05-06,Cancelled,1965.50,0.00,1965.50,1965.50,KRW
O00426,C00426,CH0002,2026-05-07,Completed,313.40,17.00,296.40,296.40,KRW
O00427,C00427,CH0003,2026-05-08,Completed,1840.80,37.00,1803.80,1803.80,KRW
O00428,C00428,CH0004,2026-05-09,Completed,2431.70,632.24,1799.46,1799.46,KRW
O00429,C00429,CH0001,2026-05-10,Completed,391.10,30.50,360.60,360.60,KRW
O00430,C00430,CH0002,2026-05-11,Completed,2229.30,0.00,2229.30,2229.30,KRW
O00431,C00431,CH0003,2026-05-12,Completed,2897.90,39.50,2858.40,2858.40,KRW
O00432,C00432,CH0004,2026-05-13,Completed,468.80,206.27,262.53,262.53,KRW
O00433,C00433,CH0001,2026-05-14,Completed,2617.80,48.50,2569.30,2569.30,KRW
O00434,C00434,CH0002,2026-05-15,Completed,3364.10,49.00,3315.10,3315.10,KRW
O00435,C00435,CH0003,2026-05-16,Completed,546.50,0.00,546.50,546.50,KRW
O00436,C00436,CH0004,2026-05-17,Completed,3006.30,511.07,2495.23,2495.23,KRW
O00437,C00437,CH0001,2026-05-18,Completed,3830.30,21.50,3808.80,3808.80,KRW
O00438,C00438,CH0002,2026-05-19,Completed,624.20,26.00,598.20,598.20,KRW
O00439,C00439,CH0003,2026-05-20,Completed,3394.80,30.50,3364.30,3364.30,KRW
O00440,C00440,CH0004,2026-05-21,Completed,4296.50,0.00,4296.50,4296.50,KRW
O00441,C00441,CH0001,2026-05-22,Completed,701.90,61.00,640.90,640.90,KRW
O00442,C00442,CH0002,2026-05-23,Cancelled,3783.30,44.00,3739.30,3739.30,KRW
O00443,C00443,CH0003,2026-05-24,Completed,4762.70,48.50,4714.20,4714.20,KRW
O00444,C00444,CH0004,2026-05-25,Completed,779.60,62.37,717.23,717.23,KRW
O00445,C00445,CH0001,2026-05-26,Completed,4171.80,0.00,4171.80,4171.80,KRW
O00446,C00446,CH0002,2026-05-27,Completed,5228.90,17.00,5211.90,5211.90,KRW
O00447,C00447,CH0003,2026-05-28,Completed,857.30,21.50,835.80,835.80,KRW
O00448,C00448,CH0004,2026-05-29,Completed,4560.30,3329.02,1231.28,1231.28,KRW
O00449,C00449,CH0001,2026-05-30,Completed,2920.10,30.50,2889.60,2889.60,KRW
O00450,C00450,CH0002,2026-05-31,Completed,10.00,0.00,10.00,10.00,KRW
O00451,C00451,CH0003,2026-06-01,Completed,323.80,39.50,284.30,284.30,KRW
O00452,C00452,CH0004,2026-06-02,Completed,611.30,268.97,342.33,342.33,KRW
O00453,C00453,CH0001,2026-06-03,Completed,87.70,48.50,39.20,39.20,KRW
O00454,C00454,CH0002,2026-06-04,Completed,712.30,8.00,704.30,704.30,KRW
O00455,C00455,CH0003,2026-06-05,Completed,1077.50,12.50,1065.00,1065.00,KRW
O00456,C00456,CH0004,2026-06-06,Completed,165.40,28.12,137.28,137.28,KRW
O00457,C00457,CH0001,2026-06-07,Completed,1100.80,21.50,1079.30,1079.30,KRW
O00458,C00458,CH0002,2026-06-08,Completed,1543.70,26.00,1517.70,1517.70,KRW
O00459,C00459,CH0003,2026-06-09,Cancelled,243.10,30.50,212.60,212.60,KRW
O00460,C00460,CH0004,2026-06-10,Completed,1489.30,0.00,1489.30,1489.30,KRW
O00461,C00461,CH0001,2026-06-11,Completed,2009.90,39.50,1970.40,1970.40,KRW
O00462,C00462,CH0002,2026-06-12,Completed,320.80,82.00,238.80,238.80,KRW
O00463,C00463,CH0003,2026-06-13,Completed,1877.80,48.50,1829.30,1829.30,KRW
O00464,C00464,CH0004,2026-06-14,Completed,2476.10,198.09,2278.01,2278.01,KRW
O00465,C00465,CH0001,2026-06-15,Completed,398.50,0.00,398.50,398.50,KRW
O00466,C00466,CH0002,2026-06-16,Completed,2266.30,17.00,2249.30,2249.30,KRW
O00467,C00467,CH0003,2026-06-17,Completed,2942.30,21.50,2920.80,2920.80,KRW
O00468,C00468,CH0004,2026-06-18,Completed,476.20,123.81,352.39,352.39,KRW
O00469,C00469,CH0001,2026-06-19,Completed,2654.80,49.00,2605.80,2605.80,KRW
O00470,C00470,CH0002,2026-06-20,Completed,3408.50,0.00,3408.50,3408.50,KRW
O00471,C00471,CH0003,2026-06-21,Completed,553.90,39.50,514.40,514.40,KRW
O00472,C00472,CH0004,2026-06-22,Completed,3043.30,1339.05,1704.25,1704.25,KRW
O00473,C00473,CH0001,2026-06-23,Completed,3874.70,48.50,3826.20,3826.20,KRW
O00474,C00474,CH0002,2026-06-24,Completed,631.60,8.00,623.60,623.60,KRW
O00475,C00475,CH0003,2026-06-25,Completed,3431.80,0.00,3431.80,3431.80,KRW
O00476,C00476,CH0004,2026-06-26,Cancelled,4340.90,2647.95,1692.95,1692.95,KRW
O00477,C00477,CH0001,2026-06-27,Completed,709.30,21.50,687.80,687.80,KRW
O00478,C00478,CH0002,2026-06-28,Completed,3820.30,26.00,3794.30,3794.30,KRW
O00479,C00479,CH0003,2026-06-29,Completed,4807.10,30.50,4776.60,4776.60,KRW
O00480,C00480,CH0004,2026-05-01,Completed,787.00,0.00,787.00,787.00,KRW
O00481,C00481,CH0001,2026-05-02,Completed,4208.80,39.50,4169.30,4169.30,KRW
O00482,C00482,CH0002,2026-05-03,Completed,3423.30,44.00,3379.30,3379.30,KRW
O00483,C00483,CH0003,2026-05-04,Completed,864.70,73.00,791.70,791.70,KRW
O00484,C00484,CH0004,2026-05-05,Completed,1822.30,145.78,1676.52,1676.52,KRW
O00485,C00485,CH0001,2026-05-06,Completed,2964.50,0.00,2964.50,2964.50,KRW
O00486,C00486,CH0002,2026-05-07,Completed,17.40,17.00,0.40,0.40,KRW
O00487,C00487,CH0003,2026-05-08,Completed,360.80,21.50,339.30,339.30,KRW
O00488,C00488,CH0004,2026-05-09,Completed,655.70,170.48,485.22,485.22,KRW
O00489,C00489,CH0001,2026-05-10,Completed,95.10,30.50,64.60,64.60,KRW
O00490,C00490,CH0002,2026-05-11,Completed,749.30,5.00,744.30,744.30,KRW
O00491,C00491,CH0003,2026-05-12,Completed,1121.90,39.50,1082.40,1082.40,KRW
O00492,C00492,CH0004,2026-05-13,Completed,172.80,76.03,96.77,96.77,KRW
O00493,C00493,CH0001,2026-05-14,Cancelled,1137.80,48.50,1089.30,1089.30,KRW
O00494,C00494,CH0002,2026-05-15,Completed,1588.10,8.00,1580.10,1580.10,KRW
O00495,C00495,CH0003,2026-05-16,Completed,250.50,0.00,250.50,250.50,KRW
O00496,C00496,CH0004,2026-05-17,Completed,1526.30,259.47,1266.83,1266.83,KRW
O00497,C00497,CH0001,2026-05-18,Completed,2054.30,52.00,2002.30,2002.30,KRW
O00498,C00498,CH0002,2026-05-19,Completed,328.20,26.00,302.20,302.20,KRW
O00499,C00499,CH0003,2026-05-20,Completed,1914.80,30.50,1884.30,1884.30,KRW
O00500,C00500,CH0004,2026-05-21,Completed,2520.50,0.00,2520.50,2520.50,KRW
O00501,C00501,CH0001,2026-05-22,Completed,405.90,39.50,366.40,366.40,KRW
O00502,C00502,CH0002,2026-05-23,Completed,2303.30,44.00,2259.30,2259.30,KRW
O00503,C00503,CH0003,2026-05-24,Completed,2986.70,48.50,2938.20,2938.20,KRW
O00504,C00504,CH0004,2026-05-25,Completed,483.60,91.88,391.72,391.72,KRW
O00505,C00505,CH0001,2026-05-26,Completed,2691.80,0.00,2691.80,2691.80,KRW
O00506,C00506,CH0002,2026-05-27,Completed,3452.90,17.00,3435.90,3435.90,KRW
O00507,C00507,CH0003,2026-05-28,Completed,561.30,21.50,539.80,539.80,KRW
O00508,C00508,CH0004,2026-05-29,Completed,3080.30,800.88,2279.42,2279.42,KRW
O00509,C00509,CH0001,2026-05-30,Completed,3919.10,30.50,3888.60,3888.60,KRW
O00510,C00510,CH0002,2026-05-31,Cancelled,639.00,0.00,639.00,639.00,KRW
O00511,C00511,CH0003,2026-06-01,Completed,3468.80,76.00,3392.80,3392.80,KRW
O00512,C00512,CH0004,2026-06-02,Completed,2905.30,1278.33,1626.97,1626.97,KRW
O00513,C00513,CH0001,2026-06-03,Completed,716.70,48.50,668.20,668.20,KRW
O00514,C00514,CH0002,2026-06-04,Completed,1637.30,8.00,1629.30,1629.30,KRW
O00515,C00515,CH0003,2026-06-05,Completed,411.50,0.00,411.50,411.50,KRW
O00516,C00516,CH0004,2026-06-06,Completed,54.40,9.25,45.15,45.15,KRW
O00517,C00517,CH0001,2026-06-07,Completed,545.80,21.50,524.30,524.30,KRW
O00518,C00518,CH0002,2026-06-08,Completed,877.70,43.00,834.70,834.70,KRW
O00519,C00519,CH0003,2026-06-09,Completed,132.10,30.50,101.60,101.60,KRW
O00520,C00520,CH0004,2026-06-10,Completed,934.30,0.00,934.30,934.30,KRW
O00521,C00521,CH0001,2026-06-11,Completed,1343.90,39.50,1304.40,1304.40,KRW
O00522,C00522,CH0002,2026-06-12,Completed,209.80,44.00,165.80,165.80,KRW
O00523,C00523,CH0003,2026-06-13,Completed,1322.80,48.50,1274.30,1274.30,KRW
O00524,C00524,CH0004,2026-06-14,Completed,1810.10,144.81,1665.29,1665.29,KRW
O00525,C00525,CH0001,2026-06-15,Completed,287.50,42.50,245.00,245.00,KRW
O00526,C00526,CH0002,2026-06-16,Completed,1711.30,17.00,1694.30,1694.30,KRW
O00527,C00527,CH0003,2026-06-17,Cancelled,2276.30,21.50,2254.80,2254.80,KRW
O00528,C00528,CH0004,2026-06-18,Completed,365.20,94.95,270.25,270.25,KRW
O00529,C00529,CH0001,2026-06-19,Completed,2099.80,30.50,2069.30,2069.30,KRW
O00530,C00530,CH0002,2026-06-20,Completed,2742.50,0.00,2742.50,2742.50,KRW
O00531,C00531,CH0003,2026-06-21,Completed,442.90,39.50,403.40,403.40,KRW
O00532,C00532,CH0004,2026-06-22,Completed,2488.30,1667.16,821.14,821.14,KRW
O00533,C00533,CH0001,2026-06-23,Completed,3208.70,48.50,3160.20,3160.20,KRW
O00534,C00534,CH0002,2026-06-24,Completed,520.60,8.00,512.60,512.60,KRW
O00535,C00535,CH0003,2026-06-25,Completed,2876.80,0.00,2876.80,2876.80,KRW
O00536,C00536,CH0004,2026-06-26,Completed,3674.90,624.73,3050.17,3050.17,KRW
O00537,C00537,CH0001,2026-06-27,Completed,598.30,21.50,576.80,576.80,KRW
O00538,C00538,CH0002,2026-06-28,Completed,3265.30,26.00,3239.30,3239.30,KRW
O00539,C00539,CH0003,2026-06-29,Completed,4141.10,79.00,4062.10,4062.10,KRW
O00540,C00540,CH0004,2026-05-01,Completed,676.00,0.00,676.00,676.00,KRW
O00541,C00541,CH0001,2026-05-02,Completed,3653.80,39.50,3614.30,3614.30,KRW
O00542,C00542,CH0002,2026-05-03,Completed,4607.30,44.00,4563.30,4563.30,KRW
O00543,C00543,CH0003,2026-05-04,Completed,753.70,48.50,705.20,705.20,KRW
O00544,C00544,CH0004,2026-05-05,Cancelled,4042.30,323.38,3718.92,3718.92,KRW
O00545,C00545,CH0001,2026-05-06,Completed,5073.50,0.00,5073.50,5073.50,KRW
O00546,C00546,CH0002,2026-05-07,Completed,831.40,31.00,800.40,800.40,KRW
O00547,C00547,CH0003,2026-05-08,Completed,4430.80,21.50,4409.30,4409.30,KRW
O00548,C00548,CH0004,2026-05-09,Completed,3689.70,959.32,2730.38,2730.38,KRW
O00549,C00549,CH0001,2026-05-10,Completed,909.10,30.50,878.60,878.60,KRW
O00550,C00550,CH0002,2026-05-11,Completed,194.30,0.00,194.30,194.30,KRW
O00551,C00551,CH0003,2026-05-12,Completed,455.90,39.50,416.40,416.40,KRW
O00552,C00552,CH0004,2026-05-13,Completed,61.80,27.19,34.61,34.61,KRW
O00553,C00553,CH0001,2026-05-14,Completed,582.80,88.00,494.80,494.80,KRW
O00554,C00554,CH0002,2026-05-15,Completed,922.10,8.00,914.10,914.10,KRW
O00555,C00555,CH0003,2026-05-16,Completed,139.50,0.00,139.50,139.50,KRW
O00556,C00556,CH0004,2026-05-17,Completed,971.30,165.12,806.18,806.18,KRW
O00557,C00557,CH0001,2026-05-18,Completed,1388.30,21.50,1366.80,1366.80,KRW
O00558,C00558,CH0002,2026-05-19,Completed,217.20,26.00,191.20,191.20,KRW
O00559,C00559,CH0003,2026-05-20,Completed,1359.80,30.50,1329.30,1329.30,KRW
O00560,C00560,CH0004,2026-05-21,Completed,1854.50,370.90,1483.60,1483.60,KRW
O00561,C00561,CH0001,2026-05-22,Cancelled,294.90,39.50,255.40,255.40,KRW
O00562,C00562,CH0002,2026-05-23,Completed,1748.30,44.00,1704.30,1704.30,KRW
O00563,C00563,CH0003,2026-05-24,Completed,2320.70,48.50,2272.20,2272.20,KRW
O00564,C00564,CH0004,2026-05-25,Completed,372.60,29.81,342.79,342.79,KRW
O00565,C00565,CH0001,2026-05-26,Completed,2136.80,0.00,2136.80,2136.80,KRW
O00566,C00566,CH0002,2026-05-27,Completed,2786.90,17.00,2769.90,2769.90,KRW
O00567,C00567,CH0003,2026-05-28,Completed,450.30,67.00,383.30,383.30,KRW
O00568,C00568,CH0004,2026-05-29,Completed,2525.30,656.58,1868.72,1868.72,KRW
O00569,C00569,CH0001,2026-05-30,Completed,3253.10,30.50,3222.60,3222.60,KRW
O00570,C00570,CH0002,2026-05-31,Completed,528.00,0.00,528.00,528.00,KRW
O00571,C00571,CH0003,2026-06-01,Completed,2913.80,39.50,2874.30,2874.30,KRW
O00572,C00572,CH0004,2026-06-02,Completed,3719.30,1636.49,2082.81,2082.81,KRW
O00573,C00573,CH0001,2026-06-03,Completed,605.70,48.50,557.20,557.20,KRW
O00574,C00574,CH0002,2026-06-04,Completed,3302.30,34.00,3268.30,3268.30,KRW
O00575,C00575,CH0003,2026-06-05,Completed,4185.50,0.00,4185.50,4185.50,KRW
O00576,C00576,CH0004,2026-06-06,Completed,683.40,116.18,567.22,567.22,KRW
O00577,C00577,CH0001,2026-06-07,Completed,3690.80,21.50,3669.30,3669.30,KRW
O00578,C00578,CH0002,2026-06-08,Cancelled,4651.70,26.00,4625.70,4625.70,KRW
O00579,C00579,CH0003,2026-06-09,Completed,761.10,30.50,730.60,730.60,KRW
O00580,C00580,CH0004,2026-06-10,Completed,4079.30,0.00,4079.30,4079.30,KRW
O00581,C00581,CH0001,2026-06-11,Completed,5117.90,46.00,5071.90,5071.90,KRW
O00582,C00582,CH0002,2026-06-12,Completed,838.80,44.00,794.80,794.80,KRW
O00583,C00583,CH0003,2026-06-13,Completed,4467.80,48.50,4419.30,4419.30,KRW
O00584,C00584,CH0004,2026-06-14,Completed,2809.10,224.73,2584.37,2584.37,KRW
O00585,C00585,CH0001,2026-06-15,Completed,916.50,0.00,916.50,916.50,KRW
O00586,C00586,CH0002,2026-06-16,Completed,231.30,17.00,214.30,214.30,KRW
O00587,C00587,CH0003,2026-06-17,Completed,500.30,21.50,478.80,478.80,KRW
O00588,C00588,CH0004,2026-06-18,Completed,69.20,40.14,29.06,29.06,KRW
O00589,C00589,CH0001,2026-06-19,Completed,619.80,30.50,589.30,589.30,KRW
O00590,C00590,CH0002,2026-06-20,Completed,966.50,0.00,966.50,966.50,KRW
O00591,C00591,CH0003,2026-06-21,Completed,146.90,39.50,107.40,107.40,KRW
O00592,C00592,CH0004,2026-06-22,Completed,1008.30,443.65,564.65,564.65,KRW
O00593,C00593,CH0001,2026-06-23,Completed,1432.70,48.50,1384.20,1384.20,KRW
O00594,C00594,CH0002,2026-06-24,Completed,224.60,8.00,216.60,216.60,KRW
O00595,C00595,CH0003,2026-06-25,Cancelled,1396.80,12.50,1384.30,1384.30,KRW
O00596,C00596,CH0004,2026-06-26,Completed,1898.90,322.81,1576.09,1576.09,KRW
O00597,C00597,CH0001,2026-06-27,Completed,302.30,21.50,280.80,280.80,KRW
O00598,C00598,CH0002,2026-06-28,Completed,1785.30,26.00,1759.30,1759.30,KRW
O00599,C00599,CH0003,2026-06-29,Completed,2365.10,30.50,2334.60,2334.60,KRW
O00600,C00600,CH0004,2026-05-01,Completed,355.00,0.00,355.00,355.00,KRW
O00601,C00601,CH0001,2026-05-02,Completed,2173.80,39.50,2134.30,2134.30,KRW
O00602,C00602,CH0002,2026-05-03,Completed,2831.30,82.00,2749.30,2749.30,KRW
O00603,C00603,CH0003,2026-05-04,Completed,457.70,48.50,409.20,409.20,KRW
O00604,C00604,CH0004,2026-05-05,Completed,2562.30,204.98,2357.32,2357.32,KRW
O00605,C00605,CH0001,2026-05-06,Completed,3297.50,0.00,3297.50,3297.50,KRW
O00606,C00606,CH0002,2026-05-07,Completed,535.40,17.00,518.40,518.40,KRW
O00607,C00607,CH0003,2026-05-08,Completed,2950.80,21.50,2929.30,2929.30,KRW
O00608,C00608,CH0004,2026-05-09,Completed,3763.70,978.56,2785.14,2785.14,KRW
O00609,C00609,CH0001,2026-05-10,Completed,613.10,49.00,564.10,564.10,KRW
O00610,C00610,CH0002,2026-05-11,Completed,3339.30,0.00,3339.30,3339.30,KRW
O00611,C00611,CH0003,2026-05-12,Completed,4229.90,39.50,4190.40,4190.40,KRW
O00612,C00612,CH0004,2026-05-13,Cancelled,690.80,303.95,386.85,386.85,KRW
O00613,C00613,CH0001,2026-05-14,Completed,3727.80,48.50,3679.30,3679.30,KRW
O00614,C00614,CH0002,2026-05-15,Completed,4696.10,8.00,4688.10,4688.10,KRW
O00615,C00615,CH0003,2026-05-16,Completed,768.50,0.00,768.50,768.50,KRW
O00616,C00616,CH0004,2026-05-17,Completed,4116.30,2510.94,1605.36,1605.36,KRW
O00617,C00617,CH0001,2026-05-18,Completed,5162.30,21.50,5140.80,5140.80,KRW
O00618,C00618,CH0002,2026-05-19,Completed,846.20,26.00,820.20,820.20,KRW
O00619,C00619,CH0003,2026-05-20,Completed,4504.80,30.50,4474.30,4474.30,KRW
O00620,C00620,CH0004,2026-05-21,Completed,2853.50,0.00,2853.50,2853.50,KRW
O00621,C00621,CH0001,2026-05-22,Completed,923.90,39.50,884.40,884.40,KRW
O00622,C00622,CH0002,2026-05-23,Completed,268.30,44.00,224.30,224.30,KRW
O00623,C00623,CH0003,2026-05-24,Completed,544.70,73.00,471.70,471.70,KRW
O00624,C00624,CH0004,2026-05-25,Completed,76.60,6.13,70.47,70.47,KRW
O00625,C00625,CH0001,2026-05-26,Completed,656.80,0.00,656.80,656.80,KRW
O00626,C00626,CH0002,2026-05-27,Completed,1010.90,17.00,993.90,993.90,KRW
O00627,C00627,CH0003,2026-05-28,Completed,154.30,21.50,132.80,132.80,KRW
O00628,C00628,CH0004,2026-05-29,Completed,1045.30,271.78,773.52,773.52,KRW
O00629,C00629,CH0001,2026-05-30,Cancelled,1477.10,30.50,1446.60,1446.60,KRW
O00630,C00630,CH0002,2026-05-31,Completed,232.00,5.00,227.00,227.00,KRW
O00631,C00631,CH0003,2026-06-01,Completed,1433.80,39.50,1394.30,1394.30,KRW
O00632,C00632,CH0004,2026-06-02,Completed,1943.30,855.05,1088.25,1088.25,KRW
O00633,C00633,CH0001,2026-06-03,Completed,309.70,48.50,261.20,261.20,KRW
O00634,C00634,CH0002,2026-06-04,Completed,1822.30,8.00,1814.30,1814.30,KRW
O00635,C00635,CH0003,2026-06-05,Completed,2409.50,0.00,2409.50,2409.50,KRW
O00636,C00636,CH0004,2026-06-06,Completed,387.40,65.86,321.54,321.54,KRW
O00637,C00637,CH0001,2026-06-07,Completed,2210.80,37.00,2173.80,2173.80,KRW
O00638,C00638,CH0002,2026-06-08,Completed,2875.70,26.00,2849.70,2849.70,KRW
O00639,C00639,CH0003,2026-06-09,Completed,465.10,30.50,434.60,434.60,KRW
O00640,C00640,CH0004,2026-06-10,Completed,2599.30,0.00,2599.30,2599.30,KRW
O00641,C00641,CH0001,2026-06-11,Completed,3341.90,39.50,3302.40,3302.40,KRW
O00642,C00642,CH0002,2026-06-12,Completed,542.80,44.00,498.80,498.80,KRW
O00643,C00643,CH0003,2026-06-13,Completed,2987.80,48.50,2939.30,2939.30,KRW
O00644,C00644,CH0004,2026-06-14,Completed,3808.10,1865.97,1942.13,1942.13,KRW
O00645,C00645,CH0001,2026-06-15,Completed,620.50,0.00,620.50,620.50,KRW
O00646,C00646,CH0002,2026-06-16,Cancelled,3376.30,17.00,3359.30,3359.30,KRW
O00647,C00647,CH0003,2026-06-17,Completed,4274.30,21.50,4252.80,4252.80,KRW
O00648,C00648,CH0004,2026-06-18,Completed,698.20,181.53,516.67,516.67,KRW
O00649,C00649,CH0001,2026-06-19,Completed,3764.80,30.50,3734.30,3734.30,KRW
O00650,C00650,CH0002,2026-06-20,Completed,4740.50,0.00,4740.50,4740.50,KRW
O00651,C00651,CH0003,2026-06-21,Completed,775.90,61.00,714.90,714.90,KRW
O00652,C00652,CH0004,2026-06-22,Completed,4153.30,1827.45,2325.85,2325.85,KRW
O00653,C00653,CH0001,2026-06-23,Completed,5206.70,48.50,5158.20,5158.20,KRW
O00654,C00654,CH0002,2026-06-24,Completed,853.60,8.00,845.60,845.60,KRW
O00655,C00655,CH0003,2026-06-25,Completed,4541.80,0.00,4541.80,4541.80,KRW
O00656,C00656,CH0004,2026-06-26,Completed,2897.90,492.64,2405.26,2405.26,KRW
O00657,C00657,CH0001,2026-06-27,Completed,931.30,21.50,909.80,909.80,KRW
O00658,C00658,CH0002,2026-06-28,Completed,305.30,73.00,232.30,232.30,KRW
O00659,C00659,CH0003,2026-06-29,Completed,589.10,30.50,558.60,558.60,KRW
O00660,C00660,CH0004,2026-05-01,Completed,84.00,0.00,84.00,84.00,KRW
O00661,C00661,CH0001,2026-05-02,Completed,693.80,39.50,654.30,654.30,KRW
O00662,C00662,CH0002,2026-05-03,Completed,1055.30,44.00,1011.30,1011.30,KRW
O00663,C00663,CH0003,2026-05-04,Cancelled,161.70,48.50,113.20,113.20,KRW
O00664,C00664,CH0004,2026-05-05,Completed,1082.30,86.58,995.72,995.72,KRW
O00665,C00665,CH0001,2026-05-06,Completed,1521.50,27.50,1494.00,1494.00,KRW
O00666,C00666,CH0002,2026-05-07,Completed,239.40,17.00,222.40,222.40,KRW
O00667,C00667,CH0003,2026-05-08,Completed,1470.80,6.50,1464.30,1464.30,KRW
O00668,C00668,CH0004,2026-05-09,Completed,1987.70,218.65,1769.05,1769.05,KRW
O00669,C00669,CH0001,2026-05-10,Completed,317.10,15.50,301.60,301.60,KRW
O00670,C00670,CH0002,2026-05-11,Completed,1859.30,0.00,1859.30,1859.30,KRW
O00671,C00671,CH0003,2026-05-12,Completed,2453.90,24.50,2429.40,2429.40,KRW
O00672,C00672,CH0004,2026-05-13,Completed,394.80,146.08,248.72,248.72,KRW
O00673,C00673,CH0001,2026-05-14,Completed,2247.80,33.50,2214.30,2214.30,KRW
O00674,C00674,CH0002,2026-05-15,Completed,2920.10,38.00,2882.10,2882.10,KRW
O00675,C00675,CH0003,2026-05-16,Completed,472.50,0.00,472.50,472.50,KRW
O00676,C00676,CH0004,2026-05-17,Completed,2636.30,1239.06,1397.24,1397.24,KRW
O00677,C00677,CH0001,2026-05-18,Completed,3386.30,6.50,3379.80,3379.80,KRW
O00678,C00678,CH0002,2026-05-19,Completed,550.20,11.00,539.20,539.20,KRW
O00679,C00679,CH0003,2026-05-20,Completed,3024.80,49.00,2975.80,2975.80,KRW
O00680,C00680,CH0004,2026-05-21,Cancelled,3852.50,0.00,3852.50,3852.50,KRW
O00681,C00681,CH0001,2026-05-22,Completed,627.90,24.50,603.40,603.40,KRW
O00682,C00682,CH0002,2026-05-23,Completed,3413.30,29.00,3384.30,3384.30,KRW
O00683,C00683,CH0003,2026-05-24,Completed,2838.70,33.50,2805.20,2805.20,KRW
O00684,C00684,CH0004,2026-05-25,Completed,705.60,268.13,437.47,437.47,KRW
O00685,C00685,CH0001,2026-05-26,Completed,1581.80,0.00,1581.80,1581.80,KRW
O00686,C00686,CH0002,2026-05-27,Completed,344.90,61.00,283.90,283.90,KRW
O00687,C00687,CH0003,2026-05-28,Completed,43.30,6.50,36.80,36.80,KRW
O00688,C00688,CH0004,2026-05-29,Completed,490.30,53.93,436.37,436.37,KRW
O00689,C00689,CH0001,2026-05-30,Completed,811.10,15.50,795.60,795.60,KRW
O00690,C00690,CH0002,2026-05-31,Completed,121.00,0.00,121.00,121.00,KRW
O00691,C00691,CH0003,2026-06-01,Completed,293.80,24.50,269.30,269.30,KRW
O00692,C00692,CH0004,2026-06-02,Completed,1277.30,370.42,906.88,906.88,KRW
O00693,C00693,CH0001,2026-06-03,Completed,198.70,73.00,125.70,125.70,KRW
O00694,C00694,CH0002,2026-06-04,Completed,1267.30,38.00,1229.30,1229.30,KRW
O00695,C00695,CH0003,2026-06-05,Completed,1743.50,0.00,1743.50,1743.50,KRW
O00696,C00696,CH0004,2026-06-06,Completed,276.40,129.91,146.49,146.49,KRW
O00697,C00697,CH0001,2026-06-07,Cancelled,1655.80,6.50,1649.30,1649.30,KRW
O00698,C00698,CH0002,2026-06-08,Completed,2209.70,11.00,2198.70,2198.70,KRW
O00699,C00699,CH0003,2026-06-09,Completed,354.10,15.50,338.60,338.60,KRW
O00700,C00700,CH0004,2026-06-10,Completed,2044.30,408.86,1635.44,1635.44,KRW
O00701,C00701,CH0001,2026-06-11,Completed,2675.90,24.50,2651.40,2651.40,KRW
O00702,C00702,CH0002,2026-06-12,Completed,431.80,29.00,402.80,402.80,KRW
O00703,C00703,CH0003,2026-06-13,Completed,2432.80,33.50,2399.30,2399.30,KRW
O00704,C00704,CH0004,2026-06-14,Completed,3142.10,1194.00,1948.10,1948.10,KRW
O00705,C00705,CH0001,2026-06-15,Completed,509.50,0.00,509.50,509.50,KRW
O00706,C00706,CH0002,2026-06-16,Completed,2821.30,47.00,2774.30,2774.30,KRW
O00707,C00707,CH0003,2026-06-17,Completed,3608.30,52.00,3556.30,3556.30,KRW
O00708,C00708,CH0004,2026-06-18,Completed,587.20,64.59,522.61,522.61,KRW
O00709,C00709,CH0001,2026-06-19,Completed,3209.80,15.50,3194.30,3194.30,KRW
O00710,C00710,CH0002,2026-06-20,Completed,4074.50,0.00,4074.50,4074.50,KRW
O00711,C00711,CH0003,2026-06-21,Completed,664.90,24.50,640.40,640.40,KRW
O00712,C00712,CH0004,2026-06-22,Completed,3598.30,1043.51,2554.79,2554.79,KRW
O00713,C00713,CH0001,2026-06-23,Completed,4540.70,33.50,4507.20,4507.20,KRW
O00714,C00714,CH0002,2026-06-24,Cancelled,742.60,64.00,678.60,678.60,KRW
O00715,C00715,CH0003,2026-06-25,Completed,3986.80,0.00,3986.80,3986.80,KRW
O00716,C00716,CH0004,2026-06-26,Completed,5006.90,2353.24,2653.66,2653.66,KRW
O00717,C00717,CH0001,2026-06-27,Completed,820.30,6.50,813.80,813.80,KRW
O00718,C00718,CH0002,2026-06-28,Completed,4375.30,11.00,4364.30,4364.30,KRW
O00719,C00719,CH0003,2026-06-29,Completed,3623.10,15.50,3607.60,3607.60,KRW
O00720,C00720,CH0004,2026-05-01,Completed,898.00,0.00,898.00,898.00,KRW
O00721,C00721,CH0001,2026-05-02,Completed,1988.80,31.00,1957.80,1957.80,KRW
O00722,C00722,CH0002,2026-05-03,Completed,389.30,29.00,360.30,360.30,KRW
O00723,C00723,CH0003,2026-05-04,Completed,50.70,33.50,17.20,17.20,KRW
O00724,C00724,CH0004,2026-05-05,Completed,527.30,200.37,326.93,326.93,KRW
O00725,C00725,CH0001,2026-05-06,Completed,855.50,0.00,855.50,855.50,KRW
O00726,C00726,CH0002,2026-05-07,Completed,128.40,47.00,81.40,81.40,KRW
O00727,C00727,CH0003,2026-05-08,Completed,915.80,6.50,909.30,909.30,KRW
O00728,C00728,CH0004,2026-05-09,Completed,1321.70,370.08,951.62,951.62,KRW
O00729,C00729,CH0001,2026-05-10,Completed,206.10,15.50,190.60,190.60,KRW
O00730,C00730,CH0002,2026-05-11,Completed,1304.30,0.00,1304.30,1304.30,KRW
O00731,C00731,CH0003,2026-05-12,Cancelled,1787.90,24.50,1763.40,1763.40,KRW
O00732,C00732,CH0004,2026-05-13,Completed,283.80,82.30,201.50,201.50,KRW
O00733,C00733,CH0001,2026-05-14,Completed,1692.80,33.50,1659.30,1659.30,KRW
O00734,C00734,CH0002,2026-05-15,Completed,2254.10,38.00,2216.10,2216.10,KRW
O00735,C00735,CH0003,2026-05-16,Completed,361.50,42.50,319.00,319.00,KRW
O00736,C00736,CH0004,2026-05-17,Completed,2081.30,978.21,1103.09,1103.09,KRW
O00737,C00737,CH0001,2026-05-18,Completed,2720.30,6.50,2713.80,2713.80,KRW
O00738,C00738,CH0002,2026-05-19,Completed,439.20,11.00,428.20,428.20,KRW
O00739,C00739,CH0003,2026-05-20,Completed,2469.80,15.50,2454.30,2454.30,KRW
O00740,C00740,CH0004,2026-05-21,Completed,3186.50,0.00,3186.50,3186.50,KRW
O00741,C00741,CH0001,2026-05-22,Completed,516.90,24.50,492.40,492.40,KRW
O00742,C00742,CH0002,2026-05-23,Completed,2858.30,52.00,2806.30,2806.30,KRW
O00743,C00743,CH0003,2026-05-24,Completed,3652.70,33.50,3619.20,3619.20,KRW
O00744,C00744,CH0004,2026-05-25,Completed,594.60,225.95,368.65,368.65,KRW
O00745,C00745,CH0001,2026-05-26,Completed,3246.80,0.00,3246.80,3246.80,KRW
O00746,C00746,CH0002,2026-05-27,Completed,4118.90,47.00,4071.90,4071.90,KRW
O00747,C00747,CH0003,2026-05-28,Completed,672.30,6.50,665.80,665.80,KRW
O00748,C00748,CH0004,2026-05-29,Cancelled,3635.30,399.88,3235.42,3235.42,KRW
O00749,C00749,CH0001,2026-05-30,Completed,4585.10,64.00,4521.10,4521.10,KRW
O00750,C00750,CH0002,2026-05-31,Completed,750.00,0.00,750.00,750.00,KRW
O00751,C00751,CH0003,2026-06-01,Completed,4023.80,24.50,3999.30,3999.30,KRW
O00752,C00752,CH0004,2026-06-02,Completed,5051.30,1464.88,3586.42,3586.42,KRW
O00753,C00753,CH0001,2026-06-03,Completed,827.70,33.50,794.20,794.20,KRW
O00754,C00754,CH0002,2026-06-04,Completed,4412.30,38.00,4374.30,4374.30,KRW
O00755,C00755,CH0003,2026-06-05,Completed,3667.50,0.00,3667.50,3667.50,KRW
O00756,C00756,CH0004,2026-06-06,Completed,905.40,688.10,217.30,217.30,KRW
O00757,C00757,CH0001,2026-06-07,Completed,2025.80,6.50,2019.30,2019.30,KRW
O00758,C00758,CH0002,2026-06-08,Completed,433.70,11.00,422.70,422.70,KRW
O00759,C00759,CH0003,2026-06-09,Completed,58.10,15.50,42.60,42.60,KRW
O00760,C00760,CH0004,2026-06-10,Completed,564.30,0.00,564.30,564.30,KRW
O00761,C00761,CH0001,2026-06-11,Completed,899.90,24.50,875.40,875.40,KRW
O00762,C00762,CH0002,2026-06-12,Completed,135.80,29.00,106.80,106.80,KRW
O00763,C00763,CH0003,2026-06-13,Completed,952.80,43.00,909.80,909.80,KRW
O00764,C00764,CH0004,2026-06-14,Completed,1366.10,519.12,846.98,846.98,KRW
O00765,C00765,CH0001,2026-06-15,Cancelled,213.50,0.00,213.50,213.50,KRW
O00766,C00766,CH0002,2026-06-16,Completed,1341.30,47.00,1294.30,1294.30,KRW
O00767,C00767,CH0003,2026-06-17,Completed,1832.30,6.50,1825.80,1825.80,KRW
O00768,C00768,CH0004,2026-06-18,Completed,291.20,32.03,259.17,259.17,KRW
O00769,C00769,CH0001,2026-06-19,Completed,1729.80,15.50,1714.30,1714.30,KRW
O00770,C00770,CH0002,2026-06-20,Completed,2298.50,35.00,2263.50,2263.50,KRW
O00771,C00771,CH0003,2026-06-21,Completed,368.90,24.50,344.40,344.40,KRW
O00772,C00772,CH0004,2026-06-22,Completed,2118.30,614.31,1503.99,1503.99,KRW
O00773,C00773,CH0001,2026-06-23,Completed,2764.70,33.50,2731.20,2731.20,KRW
O00774,C00774,CH0002,2026-06-24,Completed,446.60,38.00,408.60,408.60,KRW
O00775,C00775,CH0003,2026-06-25,Completed,2506.80,0.00,2506.80,2506.80,KRW
O00776,C00776,CH0004,2026-06-26,Completed,3230.90,1518.52,1712.38,1712.38,KRW
O00777,C00777,CH0001,2026-06-27,Completed,524.30,22.00,502.30,502.30,KRW
O00778,C00778,CH0002,2026-06-28,Completed,2895.30,11.00,2884.30,2884.30,KRW
O00779,C00779,CH0003,2026-06-29,Completed,3697.10,15.50,3681.60,3681.60,KRW
O00780,C00780,CH0004,2026-05-01,Completed,602.00,0.00,602.00,602.00,KRW
O00781,C00781,CH0001,2026-05-02,Completed,3283.80,24.50,3259.30,3259.30,KRW
O00782,C00782,CH0002,2026-05-03,Cancelled,4163.30,29.00,4134.30,4134.30,KRW
O00783,C00783,CH0003,2026-05-04,Completed,679.70,33.50,646.20,646.20,KRW
O00784,C00784,CH0004,2026-05-05,Completed,3672.30,2901.12,771.18,771.18,KRW
O00785,C00785,CH0001,2026-05-06,Completed,4629.50,0.00,4629.50,4629.50,KRW
O00786,C00786,CH0002,2026-05-07,Completed,757.40,47.00,710.40,710.40,KRW
O00787,C00787,CH0003,2026-05-08,Completed,4060.80,6.50,4054.30,4054.30,KRW
O00788,C00788,CH0004,2026-05-09,Completed,5095.70,560.53,4535.17,4535.17,KRW
O00789,C00789,CH0001,2026-05-10,Completed,835.10,15.50,819.60,819.60,KRW
O00790,C00790,CH0002,2026-05-11,Completed,4449.30,0.00,4449.30,4449.30,KRW
O00791,C00791,CH0003,2026-05-12,Completed,2786.90,46.00,2740.90,2740.90,KRW
O00792,C00792,CH0004,2026-05-13,Completed,912.80,264.71,648.09,648.09,KRW
O00793,C00793,CH0001,2026-05-14,Completed,212.80,33.50,179.30,179.30,KRW
O00794,C00794,CH0002,2026-05-15,Completed,478.10,38.00,440.10,440.10,KRW
O00795,C00795,CH0003,2026-05-16,Completed,65.50,0.00,65.50,65.50,KRW
O00796,C00796,CH0004,2026-05-17,Completed,601.30,282.61,318.69,318.69,KRW
O00797,C00797,CH0001,2026-05-18,Completed,944.30,6.50,937.80,937.80,KRW
O00798,C00798,CH0002,2026-05-19,Completed,143.20,58.00,85.20,85.20,KRW
O00799,C00799,CH0003,2026-05-20,Cancelled,989.80,15.50,974.30,974.30,KRW
O00800,C00800,CH0004,2026-05-21,Completed,1410.50,0.00,1410.50,1410.50,KRW
O00801,C00801,CH0001,2026-05-22,Completed,220.90,24.50,196.40,196.40,KRW
O00802,C00802,CH0002,2026-05-23,Completed,1378.30,29.00,1349.30,1349.30,KRW
O00803,C00803,CH0003,2026-05-24,Completed,1876.70,33.50,1843.20,1843.20,KRW
O00804,C00804,CH0004,2026-05-25,Completed,298.60,113.47,185.13,185.13,KRW
O00805,C00805,CH0001,2026-05-26,Completed,1766.80,27.50,1739.30,1739.30,KRW
O00806,C00806,CH0002,2026-05-27,Completed,2342.90,47.00,2295.90,2295.90,KRW
O00807,C00807,CH0003,2026-05-28,Completed,376.30,6.50,369.80,369.80,KRW
O00808,C00808,CH0004,2026-05-29,Completed,2155.30,237.08,1918.22,1918.22,KRW
O00809,C00809,CH0001,2026-05-30,Completed,2809.10,15.50,2793.60,2793.60,KRW
O00810,C00810,CH0002,2026-05-31,Completed,454.00,0.00,454.00,454.00,KRW
O00811,C00811,CH0003,2026-06-01,Completed,2543.80,24.50,2519.30,2519.30,KRW
O00812,C00812,CH0004,2026-06-02,Completed,3275.30,1211.86,2063.44,2063.44,KRW
O00813,C00813,CH0001,2026-06-03,Completed,531.70,33.50,498.20,498.20,KRW
O00814,C00814,CH0002,2026-06-04,Completed,2932.30,38.00,2894.30,2894.30,KRW
O00815,C00815,CH0003,2026-06-05,Completed,3741.50,0.00,3741.50,3741.50,KRW
O00816,C00816,CH0004,2026-06-06,Cancelled,609.40,286.42,322.98,322.98,KRW
O00817,C00817,CH0001,2026-06-07,Completed,3320.80,6.50,3314.30,3314.30,KRW
O00818,C00818,CH0002,2026-06-08,Completed,4207.70,11.00,4196.70,4196.70,KRW
O00819,C00819,CH0003,2026-06-09,Completed,687.10,34.00,653.10,653.10,KRW
O00820,C00820,CH0004,2026-06-10,Completed,3709.30,0.00,3709.30,3709.30,KRW
O00821,C00821,CH0001,2026-06-11,Completed,4673.90,24.50,4649.40,4649.40,KRW
O00822,C00822,CH0002,2026-06-12,Completed,764.80,29.00,735.80,735.80,KRW
O00823,C00823,CH0003,2026-06-13,Completed,4097.80,33.50,4064.30,4064.30,KRW
O00824,C00824,CH0004,2026-06-14,Completed,5140.10,1953.24,3186.86,3186.86,KRW
O00825,C00825,CH0001,2026-06-15,Completed,842.50,0.00,842.50,842.50,KRW
O00826,C00826,CH0002,2026-06-16,Completed,4486.30,91.00,4395.30,4395.30,KRW
O00827,C00827,CH0003,2026-06-17,Completed,2831.30,6.50,2824.80,2824.80,KRW
O00828,C00828,CH0004,2026-06-18,Completed,920.20,101.22,818.98,818.98,KRW
O00829,C00829,CH0001,2026-06-19,Completed,249.80,15.50,234.30,234.30,KRW
O00830,C00830,CH0002,2026-06-20,Completed,522.50,0.00,522.50,522.50,KRW
O00831,C00831,CH0003,2026-06-21,Completed,72.90,24.50,48.40,48.40,KRW
O00832,C00832,CH0004,2026-06-22,Completed,638.30,185.11,453.19,453.19,KRW
O00833,C00833,CH0001,2026-06-23,Cancelled,988.70,58.00,930.70,930.70,KRW
O00834,C00834,CH0002,2026-06-24,Completed,150.60,38.00,112.60,112.60,KRW
O00835,C00835,CH0003,2026-06-25,Completed,1026.80,0.00,1026.80,1026.80,KRW
O00836,C00836,CH0004,2026-06-26,Completed,1454.90,683.80,771.10,771.10,KRW
O00837,C00837,CH0001,2026-06-27,Completed,228.30,6.50,221.80,221.80,KRW
O00838,C00838,CH0002,2026-06-28,Completed,1415.30,11.00,1404.30,1404.30,KRW
O00839,C00839,CH0003,2026-06-29,Completed,1921.10,15.50,1905.60,1905.60,KRW
O00840,C00840,CH0004,2026-05-01,Completed,306.00,15.30,290.70,290.70,KRW
O00841,C00841,CH0001,2026-05-02,Completed,1803.80,24.50,1779.30,1779.30,KRW
O00842,C00842,CH0002,2026-05-03,Completed,2387.30,29.00,2358.30,2358.30,KRW
O00843,C00843,CH0003,2026-05-04,Completed,383.70,33.50,350.20,350.20,KRW
O00844,C00844,CH0004,2026-05-05,Completed,2192.30,833.07,1359.23,1359.23,KRW
O00845,C00845,CH0001,2026-05-06,Completed,2853.50,0.00,2853.50,2853.50,KRW
O00846,C00846,CH0002,2026-05-07,Completed,461.40,47.00,414.40,414.40,KRW
O00847,C00847,CH0003,2026-05-08,Completed,2580.80,37.00,2543.80,2543.80,KRW
O00848,C00848,CH0004,2026-05-09,Completed,3319.70,365.17,2954.53,2954.53,KRW
O00849,C00849,CH0001,2026-05-10,Completed,539.10,15.50,523.60,523.60,KRW
O00850,C00850,CH0002,2026-05-11,Cancelled,2969.30,0.00,2969.30,2969.30,KRW
O00851,C00851,CH0003,2026-05-12,Completed,3785.90,24.50,3761.40,3761.40,KRW
O00852,C00852,CH0004,2026-05-13,Completed,616.80,178.87,437.93,437.93,KRW
O00853,C00853,CH0001,2026-05-14,Completed,3357.80,33.50,3324.30,3324.30,KRW
O00854,C00854,CH0002,2026-05-15,Completed,2772.10,49.00,2723.10,2723.10,KRW
O00855,C00855,CH0003,2026-05-16,Completed,694.50,0.00,694.50,694.50,KRW
O00856,C00856,CH0004,2026-05-17,Completed,1526.30,717.36,808.94,808.94,KRW
O00857,C00857,CH0001,2026-05-18,Completed,2498.30,6.50,2491.80,2491.80,KRW
O00858,C00858,CH0002,2026-05-19,Completed,32.20,11.00,21.20,21.20,KRW
O00859,C00859,CH0003,2026-05-20,Completed,434.80,15.50,419.30,419.30,KRW
O00860,C00860,CH0004,2026-05-21,Completed,744.50,0.00,744.50,744.50,KRW
O00861,C00861,CH0001,2026-05-22,Completed,109.90,61.00,48.90,48.90,KRW
O00862,C00862,CH0002,2026-05-23,Completed,823.30,29.00,794.30,794.30,KRW
O00863,C00863,CH0003,2026-05-24,Completed,1210.70,33.50,1177.20,1177.20,KRW
O00864,C00864,CH0004,2026-05-25,Completed,187.60,71.29,116.31,116.31,KRW
O00865,C00865,CH0001,2026-05-26,Completed,1211.80,0.00,1211.80,1211.80,KRW
O00866,C00866,CH0002,2026-05-27,Completed,1676.90,47.00,1629.90,1629.90,KRW
O00867,C00867,CH0003,2026-05-28,Cancelled,265.30,6.50,258.80,258.80,KRW
O00868,C00868,CH0004,2026-05-29,Completed,1600.30,448.08,1152.22,1152.22,KRW
O00869,C00869,CH0001,2026-05-30,Completed,2143.10,15.50,2127.60,2127.60,KRW
O00870,C00870,CH0002,2026-05-31,Completed,343.00,0.00,343.00,343.00,KRW
O00871,C00871,CH0003,2026-06-01,Completed,1988.80,24.50,1964.30,1964.30,KRW
O00872,C00872,CH0004,2026-06-02,Completed,2609.30,756.70,1852.60,1852.60,KRW
O00873,C00873,CH0001,2026-06-03,Completed,420.70,33.50,387.20,387.20,KRW
O00874,C00874,CH0002,2026-06-04,Completed,2377.30,38.00,2339.30,2339.30,KRW
O00875,C00875,CH0003,2026-06-05,Completed,3075.50,42.50,3033.00,3033.00,KRW
O00876,C00876,CH0004,2026-06-06,Completed,498.40,234.25,264.15,264.15,KRW
O00877,C00877,CH0001,2026-06-07,Completed,2765.80,6.50,2759.30,2759.30,KRW
O00878,C00878,CH0002,2026-06-08,Completed,3541.70,11.00,3530.70,3530.70,KRW
O00879,C00879,CH0003,2026-06-09,Completed,576.10,15.50,560.60,560.60,KRW
O00880,C00880,CH0004,2026-06-10,Completed,3154.30,0.00,3154.30,3154.30,KRW
O00881,C00881,CH0001,2026-06-11,Completed,4007.90,24.50,3983.40,3983.40,KRW
O00882,C00882,CH0002,2026-06-12,Completed,653.80,52.00,601.80,601.80,KRW
O00883,C00883,CH0003,2026-06-13,Completed,3542.80,33.50,3509.30,3509.30,KRW
O00884,C00884,CH0004,2026-06-14,Cancelled,4474.10,1700.16,2773.94,2773.94,KRW
O00885,C00885,CH0001,2026-06-15,Completed,731.50,0.00,731.50,731.50,KRW
O00886,C00886,CH0002,2026-06-16,Completed,3931.30,47.00,3884.30,3884.30,KRW
O00887,C00887,CH0003,2026-06-17,Completed,4940.30,6.50,4933.80,4933.80,KRW
O00888,C00888,CH0004,2026-06-18,Completed,809.20,89.01,720.19,720.19,KRW
O00889,C00889,CH0001,2026-06-19,Completed,4319.80,64.00,4255.80,4255.80,KRW
O00890,C00890,CH0002,2026-06-20,Completed,3556.50,0.00,3556.50,3556.50,KRW
O00891,C00891,CH0003,2026-06-21,Completed,886.90,24.50,862.40,862.40,KRW
O00892,C00892,CH0004,2026-06-22,Completed,1933.30,560.66,1372.64,1372.64,KRW
O00893,C00893,CH0001,2026-06-23,Completed,322.70,33.50,289.20,289.20,KRW
O00894,C00894,CH0002,2026-06-24,Completed,39.60,38.00,1.60,1.60,KRW
O00895,C00895,CH0003,2026-06-25,Completed,471.80,0.00,471.80,471.80,KRW
O00896,C00896,CH0004,2026-06-26,Completed,788.90,599.56,189.34,189.34,KRW
O00897,C00897,CH0001,2026-06-27,Completed,117.30,6.50,110.80,110.80,KRW
O00898,C00898,CH0002,2026-06-28,Completed,860.30,11.00,849.30,849.30,KRW
O00899,C00899,CH0003,2026-06-29,Completed,1255.10,15.50,1239.60,1239.60,KRW
O00900,C00900,CH0004,2026-05-01,Completed,195.00,0.00,195.00,195.00,KRW
O00901,C00901,CH0001,2026-05-02,Cancelled,1248.80,24.50,1224.30,1224.30,KRW
O00902,C00902,CH0002,2026-05-03,Completed,1721.30,29.00,1692.30,1692.30,KRW
O00903,C00903,CH0003,2026-05-04,Completed,272.70,43.00,229.70,229.70,KRW
O00904,C00904,CH0004,2026-05-05,Completed,1637.30,622.17,1015.13,1015.13,KRW
O00905,C00905,CH0001,2026-05-06,Completed,2187.50,0.00,2187.50,2187.50,KRW
O00906,C00906,CH0002,2026-05-07,Completed,350.40,47.00,303.40,303.40,KRW
O00907,C00907,CH0003,2026-05-08,Completed,2025.80,6.50,2019.30,2019.30,KRW
O00908,C00908,CH0004,2026-05-09,Completed,2653.70,291.91,2361.79,2361.79,KRW
O00909,C00909,CH0001,2026-05-10,Completed,428.10,15.50,412.60,412.60,KRW
O00910,C00910,CH0002,2026-05-11,Completed,2414.30,20.00,2394.30,2394.30,KRW
O00911,C00911,CH0003,2026-05-12,Completed,3119.90,24.50,3095.40,3095.40,KRW
O00912,C00912,CH0004,2026-05-13,Completed,505.80,146.68,359.12,359.12,KRW
O00913,C00913,CH0001,2026-05-14,Completed,2802.80,33.50,2769.30,2769.30,KRW
O00914,C00914,CH0002,2026-05-15,Completed,3586.10,38.00,3548.10,3548.10,KRW
O00915,C00915,CH0003,2026-05-16,Completed,583.50,0.00,583.50,583.50,KRW
O00916,C00916,CH0004,2026-05-17,Completed,3191.30,1499.91,1691.39,1691.39,KRW
O00917,C00917,CH0001,2026-05-18,Completed,4052.30,52.00,4000.30,4000.30,KRW
O00918,C00918,CH0002,2026-05-19,Cancelled,661.20,11.00,650.20,650.20,KRW
O00919,C00919,CH0003,2026-05-20,Completed,3579.80,15.50,3564.30,3564.30,KRW
O00920,C00920,CH0004,2026-05-21,Completed,4518.50,0.00,4518.50,4518.50,KRW
O00921,C00921,CH0001,2026-05-22,Completed,738.90,24.50,714.40,714.40,KRW
O00922,C00922,CH0002,2026-05-23,Completed,3968.30,29.00,3939.30,3939.30,KRW
O00923,C00923,CH0003,2026-05-24,Completed,4984.70,33.50,4951.20,4951.20,KRW
O00924,C00924,CH0004,2026-05-25,Completed,816.60,522.62,293.98,293.98,KRW
O00925,C00925,CH0001,2026-05-26,Completed,4356.80,0.00,4356.80,4356.80,KRW
O00926,C00926,CH0002,2026-05-27,Completed,3600.90,47.00,3553.90,3553.90,KRW
O00927,C00927,CH0003,2026-05-28,Completed,894.30,6.50,887.80,887.80,KRW
O00928,C00928,CH0004,2026-05-29,Completed,1970.30,216.73,1753.57,1753.57,KRW
O00929,C00929,CH0001,2026-05-30,Completed,367.10,15.50,351.60,351.60,KRW
O00930,C00930,CH0002,2026-05-31,Completed,47.00,0.00,47.00,47.00,KRW
O00931,C00931,CH0003,2026-06-01,Completed,508.80,31.00,477.80,477.80,KRW
O00932,C00932,CH0004,2026-06-02,Completed,833.30,241.66,591.64,591.64,KRW
O00933,C00933,CH0001,2026-06-03,Completed,124.70,33.50,91.20,91.20,KRW
O00934,C00934,CH0002,2026-06-04,Completed,897.30,38.00,859.30,859.30,KRW
O00935,C00935,CH0003,2026-06-05,Cancelled,1299.50,0.00,1299.50,1299.50,KRW
O00936,C00936,CH0004,2026-06-06,Completed,202.40,95.13,107.27,107.27,KRW
O00937,C00937,CH0001,2026-06-07,Completed,1285.80,6.50,1279.30,1279.30,KRW
O00938,C00938,CH0002,2026-06-08,Completed,1765.70,43.00,1722.70,1722.70,KRW
O00939,C00939,CH0003,2026-06-09,Completed,280.10,15.50,264.60,264.60,KRW
O00940,C00940,CH0004,2026-06-10,Completed,1674.30,0.00,1674.30,1674.30,KRW
O00941,C00941,CH0001,2026-06-11,Completed,2231.90,24.50,2207.40,2207.40,KRW
O00942,C00942,CH0002,2026-06-12,Completed,357.80,29.00,328.80,328.80,KRW
O00943,C00943,CH0003,2026-06-13,Completed,2062.80,33.50,2029.30,2029.30,KRW
O00944,C00944,CH0004,2026-06-14,Completed,2698.10,1025.28,1672.82,1672.82,KRW
O00945,C00945,CH0001,2026-06-15,Completed,435.50,12.50,423.00,423.00,KRW
O00946,C00946,CH0002,2026-06-16,Completed,2451.30,47.00,2404.30,2404.30,KRW
O00947,C00947,CH0003,2026-06-17,Completed,3164.30,6.50,3157.80,3157.80,KRW
O00948,C00948,CH0004,2026-06-18,Completed,513.20,56.45,456.75,456.75,KRW
O00949,C00949,CH0001,2026-06-19,Completed,2839.80,15.50,2824.30,2824.30,KRW
O00950,C00950,CH0002,2026-06-20,Completed,3630.50,0.00,3630.50,3630.50,KRW
O00951,C00951,CH0003,2026-06-21,Completed,590.90,24.50,566.40,566.40,KRW
O00952,C00952,CH0004,2026-06-22,Cancelled,3228.30,2162.96,1065.34,1065.34,KRW
O00953,C00953,CH0001,2026-06-23,Completed,4096.70,33.50,4063.20,4063.20,KRW
O00954,C00954,CH0002,2026-06-24,Completed,668.60,38.00,630.60,630.60,KRW
O00955,C00955,CH0003,2026-06-25,Completed,3616.80,0.00,3616.80,3616.80,KRW
O00956,C00956,CH0004,2026-06-26,Completed,4562.90,2144.56,2418.34,2418.34,KRW
O00957,C00957,CH0001,2026-06-27,Completed,746.30,6.50,739.80,739.80,KRW
O00958,C00958,CH0002,2026-06-28,Completed,4005.30,11.00,3994.30,3994.30,KRW
O00959,C00959,CH0003,2026-06-29,Completed,5029.10,34.00,4995.10,4995.10,KRW
O00960,C00960,CH0004,2026-05-01,Completed,824.00,0.00,824.00,824.00,KRW
O00961,C00961,CH0001,2026-05-02,Completed,4393.80,24.50,4369.30,4369.30,KRW
O00962,C00962,CH0002,2026-05-03,Completed,3645.30,29.00,3616.30,3616.30,KRW
O00963,C00963,CH0003,2026-05-04,Completed,901.70,33.50,868.20,868.20,KRW
O00964,C00964,CH0004,2026-05-05,Completed,2007.30,762.77,1244.53,1244.53,KRW
O00965,C00965,CH0001,2026-05-06,Completed,411.50,0.00,411.50,411.50,KRW
O00966,C00966,CH0002,2026-05-07,Completed,54.40,54.40,0.00,0.00,KRW
O00967,C00967,CH0003,2026-05-08,Completed,545.80,6.50,539.30,539.30,KRW
O00968,C00968,CH0004,2026-05-09,Completed,877.70,96.55,781.15,781.15,KRW
O00969,C00969,CH0001,2026-05-10,Cancelled,132.10,15.50,116.60,116.60,KRW
O00970,C00970,CH0002,2026-05-11,Completed,934.30,0.00,934.30,934.30,KRW
O00971,C00971,CH0003,2026-05-12,Completed,1343.90,24.50,1319.40,1319.40,KRW
O00972,C00972,CH0004,2026-05-13,Completed,209.80,60.84,148.96,148.96,KRW
O00973,C00973,CH0001,2026-05-14,Completed,1322.80,58.00,1264.80,1264.80,KRW
O00974,C00974,CH0002,2026-05-15,Completed,1810.10,38.00,1772.10,1772.10,KRW
O00975,C00975,CH0003,2026-05-16,Completed,287.50,0.00,287.50,287.50,KRW
O00976,C00976,CH0004,2026-05-17,Completed,1711.30,804.31,906.99,906.99,KRW
O00977,C00977,CH0001,2026-05-18,Completed,2276.30,6.50,2269.80,2269.80,KRW
O00978,C00978,CH0002,2026-05-19,Completed,365.20,11.00,354.20,354.20,KRW
O00979,C00979,CH0003,2026-05-20,Completed,2099.80,15.50,2084.30,2084.30,KRW
O00980,C00980,CH0004,2026-05-21,Completed,2742.50,137.12,2605.38,2605.38,KRW
O00981,C00981,CH0001,2026-05-22,Completed,442.90,24.50,418.40,418.40,KRW
O00982,C00982,CH0002,2026-05-23,Completed,2488.30,29.00,2459.30,2459.30,KRW
O00983,C00983,CH0003,2026-05-24,Completed,3208.70,33.50,3175.20,3175.20,KRW
O00984,C00984,CH0004,2026-05-25,Completed,520.60,197.83,322.77,322.77,KRW
O00985,C00985,CH0001,2026-05-26,Completed,2876.80,0.00,2876.80,2876.80,KRW
O00986,C00986,CH0002,2026-05-27,Cancelled,3674.90,47.00,3627.90,3627.90,KRW
O00987,C00987,CH0003,2026-05-28,Completed,598.30,37.00,561.30,561.30,KRW
O00988,C00988,CH0004,2026-05-29,Completed,3265.30,359.18,2906.12,2906.12,KRW
O00989,C00989,CH0001,2026-05-30,Completed,4141.10,15.50,4125.60,4125.60,KRW
O00990,C00990,CH0002,2026-05-31,Completed,676.00,0.00,676.00,676.00,KRW
O00991,C00991,CH0003,2026-06-01,Completed,3653.80,24.50,3629.30,3629.30,KRW
O00992,C00992,CH0004,2026-06-02,Completed,4607.30,1336.12,3271.18,3271.18,KRW
O00993,C00993,CH0001,2026-06-03,Completed,753.70,33.50,720.20,720.20,KRW
O00994,C00994,CH0002,2026-06-04,Completed,4042.30,49.00,3993.30,3993.30,KRW
O00995,C00995,CH0003,2026-06-05,Completed,5073.50,0.00,5073.50,5073.50,KRW
O00996,C00996,CH0004,2026-06-06,Completed,831.40,390.76,440.64,440.64,KRW
O00997,C00997,CH0001,2026-06-07,Completed,4430.80,6.50,4424.30,4424.30,KRW
O00998,C00998,CH0002,2026-06-08,Completed,3689.70,11.00,3678.70,3678.70,KRW
O00999,C00999,CH0003,2026-06-09,Completed,909.10,15.50,893.60,893.60,KRW
O01000,C01000,CH0004,2026-06-10,Completed,194.30,0.00,194.30,194.30,KRW
O01001,C01001,CH0001,2026-06-11,Completed,455.90,31.00,424.90,424.90,KRW
O01002,C01002,CH0002,2026-06-12,Completed,61.80,14.00,47.80,47.80,KRW
O01003,C01003,CH0003,2026-06-13,Cancelled,582.80,18.50,564.30,564.30,KRW
O01004,C01004,CH0004,2026-06-14,Completed,922.10,212.08,710.02,710.02,KRW
O01005,C01005,CH0001,2026-06-15,Completed,139.50,0.00,139.50,139.50,KRW
O01006,C01006,CH0002,2026-06-16,Completed,971.30,32.00,939.30,939.30,KRW
O01007,C01007,CH0003,2026-06-17,Completed,1388.30,36.50,1351.80,1351.80,KRW
O01008,C01008,CH0004,2026-06-18,Completed,217.20,191.14,26.06,26.06,KRW
O01009,C01009,CH0001,2026-06-19,Completed,1359.80,45.50,1314.30,1314.30,KRW
O01010,C01010,CH0002,2026-06-20,Completed,1854.50,0.00,1854.50,1854.50,KRW
O01011,C01011,CH0003,2026-06-21,Completed,294.90,9.50,285.40,285.40,KRW
O01012,C01012,CH0004,2026-06-22,Completed,1748.30,244.76,1503.54,1503.54,KRW
O01013,C01013,CH0001,2026-06-23,Completed,2320.70,18.50,2302.20,2302.20,KRW
O01014,C01014,CH0002,2026-06-24,Completed,372.60,23.00,349.60,349.60,KRW
O01015,C01015,CH0003,2026-06-25,Completed,2136.80,27.50,2109.30,2109.30,KRW
O01016,C01016,CH0004,2026-06-26,Completed,2786.90,891.81,1895.09,1895.09,KRW
O01017,C01017,CH0001,2026-06-27,Completed,450.30,36.50,413.80,413.80,KRW
O01018,C01018,CH0002,2026-06-28,Completed,2525.30,41.00,2484.30,2484.30,KRW
O01019,C01019,CH0003,2026-06-29,Completed,3253.10,45.50,3207.60,3207.60,KRW
O01020,C01020,CH0004,2026-05-01,Cancelled,528.00,0.00,528.00,528.00,KRW
O01021,C01021,CH0001,2026-05-02,Completed,2913.80,9.50,2904.30,2904.30,KRW
O01022,C01022,CH0002,2026-05-03,Completed,3719.30,22.00,3697.30,3697.30,KRW
O01023,C01023,CH0003,2026-05-04,Completed,605.70,18.50,587.20,587.20,KRW
O01024,C01024,CH0004,2026-05-05,Completed,3302.30,759.53,2542.77,2542.77,KRW
O01025,C01025,CH0001,2026-05-06,Completed,2705.50,0.00,2705.50,2705.50,KRW
O01026,C01026,CH0002,2026-05-07,Completed,683.40,32.00,651.40,651.40,KRW
O01027,C01027,CH0003,2026-05-08,Completed,1470.80,36.50,1434.30,1434.30,KRW
O01028,C01028,CH0004,2026-05-09,Completed,2431.70,997.00,1434.70,1434.70,KRW
O01029,C01029,CH0001,2026-05-10,Completed,21.10,21.10,0.00,0.00,KRW
O01030,C01030,CH0002,2026-05-11,Completed,379.30,0.00,379.30,379.30,KRW
O01031,C01031,CH0003,2026-05-12,Completed,677.90,9.50,668.40,668.40,KRW
O01032,C01032,CH0004,2026-05-13,Completed,98.80,13.83,84.97,84.97,KRW
O01033,C01033,CH0001,2026-05-14,Completed,767.80,18.50,749.30,749.30,KRW
O01034,C01034,CH0002,2026-05-15,Completed,1144.10,23.00,1121.10,1121.10,KRW
O01035,C01035,CH0003,2026-05-16,Completed,176.50,0.00,176.50,176.50,KRW
O01036,C01036,CH0004,2026-05-17,Completed,1156.30,531.90,624.40,624.40,KRW
O01037,C01037,CH0001,2026-05-18,Cancelled,1610.30,36.50,1573.80,1573.80,KRW
O01038,C01038,CH0002,2026-05-19,Completed,254.20,41.00,213.20,213.20,KRW
O01039,C01039,CH0003,2026-05-20,Completed,1544.80,45.50,1499.30,1499.30,KRW
O01040,C01040,CH0004,2026-05-21,Completed,2076.50,0.00,2076.50,2076.50,KRW
O01041,C01041,CH0001,2026-05-22,Completed,331.90,9.50,322.40,322.40,KRW
O01042,C01042,CH0002,2026-05-23,Completed,1933.30,14.00,1919.30,1919.30,KRW
O01043,C01043,CH0003,2026-05-24,Completed,2542.70,58.00,2484.70,2484.70,KRW
O01044,C01044,CH0004,2026-05-25,Completed,409.60,94.21,315.39,315.39,KRW
O01045,C01045,CH0001,2026-05-26,Completed,2321.80,0.00,2321.80,2321.80,KRW
O01046,C01046,CH0002,2026-05-27,Completed,3008.90,32.00,2976.90,2976.90,KRW
O01047,C01047,CH0003,2026-05-28,Completed,487.30,36.50,450.80,450.80,KRW
O01048,C01048,CH0004,2026-05-29,Completed,2710.30,1111.22,1599.08,1599.08,KRW
O01049,C01049,CH0001,2026-05-30,Completed,3475.10,45.50,3429.60,3429.60,KRW
O01050,C01050,CH0002,2026-05-31,Completed,565.00,20.00,545.00,545.00,KRW
O01051,C01051,CH0003,2026-06-01,Completed,3098.80,9.50,3089.30,3089.30,KRW
O01052,C01052,CH0004,2026-06-02,Completed,3941.30,551.78,3389.52,3389.52,KRW
O01053,C01053,CH0001,2026-06-03,Completed,642.70,18.50,624.20,624.20,KRW
O01054,C01054,CH0002,2026-06-04,Cancelled,3487.30,23.00,3464.30,3464.30,KRW
O01055,C01055,CH0003,2026-06-05,Completed,4407.50,0.00,4407.50,4407.50,KRW
O01056,C01056,CH0004,2026-06-06,Completed,720.40,230.53,489.87,489.87,KRW
O01057,C01057,CH0001,2026-06-07,Completed,3875.80,82.00,3793.80,3793.80,KRW
O01058,C01058,CH0002,2026-06-08,Completed,4873.70,41.00,4832.70,4832.70,KRW
O01059,C01059,CH0003,2026-06-09,Completed,798.10,45.50,752.60,752.60,KRW
O01060,C01060,CH0004,2026-06-10,Completed,4264.30,0.00,4264.30,4264.30,KRW
O01061,C01061,CH0001,2026-06-11,Completed,3489.90,9.50,3480.40,3480.40,KRW
O01062,C01062,CH0002,2026-06-12,Completed,875.80,14.00,861.80,861.80,KRW
O01063,C01063,CH0003,2026-06-13,Completed,1877.80,18.50,1859.30,1859.30,KRW
O01064,C01064,CH0004,2026-06-14,Completed,3031.10,1485.24,1545.86,1545.86,KRW
O01065,C01065,CH0001,2026-06-15,Completed,28.50,0.00,28.50,28.50,KRW
O01066,C01066,CH0002,2026-06-16,Completed,416.30,32.00,384.30,384.30,KRW
O01067,C01067,CH0003,2026-06-17,Completed,722.30,36.50,685.80,685.80,KRW
O01068,C01068,CH0004,2026-06-18,Completed,106.20,43.54,62.66,62.66,KRW
O01069,C01069,CH0001,2026-06-19,Completed,804.80,45.50,759.30,759.30,KRW
O01070,C01070,CH0002,2026-06-20,Completed,1188.50,0.00,1188.50,1188.50,KRW
O01071,C01071,CH0003,2026-06-21,Cancelled,183.90,16.00,167.90,167.90,KRW
O01072,C01072,CH0004,2026-06-22,Completed,1193.30,167.06,1026.24,1026.24,KRW
O01073,C01073,CH0001,2026-06-23,Completed,1654.70,18.50,1636.20,1636.20,KRW
O01074,C01074,CH0002,2026-06-24,Completed,261.60,23.00,238.60,238.60,KRW
O01075,C01075,CH0003,2026-06-25,Completed,1581.80,0.00,1581.80,1581.80,KRW
O01076,C01076,CH0004,2026-06-26,Completed,2120.90,678.69,1442.21,1442.21,KRW
O01077,C01077,CH0001,2026-06-27,Completed,339.30,36.50,302.80,302.80,KRW
O01078,C01078,CH0002,2026-06-28,Completed,1970.30,73.00,1897.30,1897.30,KRW
O01079,C01079,CH0003,2026-06-29,Completed,2587.10,45.50,2541.60,2541.60,KRW
O01080,C01080,CH0004,2026-05-01,Completed,417.00,0.00,417.00,417.00,KRW
O01081,C01081,CH0001,2026-05-02,Completed,2358.80,9.50,2349.30,2349.30,KRW
O01082,C01082,CH0002,2026-05-03,Completed,3053.30,14.00,3039.30,3039.30,KRW
O01083,C01083,CH0003,2026-05-04,Completed,494.70,18.50,476.20,476.20,KRW
O01084,C01084,CH0004,2026-05-05,Completed,2747.30,631.88,2115.42,2115.42,KRW
O01085,C01085,CH0001,2026-05-06,Completed,3519.50,12.50,3507.00,3507.00,KRW
O01086,C01086,CH0002,2026-05-07,Completed,572.40,32.00,540.40,540.40,KRW
O01087,C01087,CH0003,2026-05-08,Completed,3135.80,36.50,3099.30,3099.30,KRW
O01088,C01088,CH0004,2026-05-09,Cancelled,3985.70,1634.14,2351.56,2351.56,KRW
O01089,C01089,CH0001,2026-05-10,Completed,650.10,45.50,604.60,604.60,KRW
O01090,C01090,CH0002,2026-05-11,Completed,3524.30,0.00,3524.30,3524.30,KRW
O01091,C01091,CH0003,2026-05-12,Completed,4451.90,9.50,4442.40,4442.40,KRW
O01092,C01092,CH0004,2026-05-13,Completed,727.80,269.29,458.51,458.51,KRW
O01093,C01093,CH0001,2026-05-14,Completed,3912.80,18.50,3894.30,3894.30,KRW
O01094,C01094,CH0002,2026-05-15,Completed,4918.10,23.00,4895.10,4895.10,KRW
O01095,C01095,CH0003,2026-05-16,Completed,805.50,0.00,805.50,805.50,KRW
O01096,C01096,CH0004,2026-05-17,Completed,4301.30,1376.42,2924.88,2924.88,KRW
O01097,C01097,CH0001,2026-05-18,Completed,3534.30,36.50,3497.80,3497.80,KRW
O01098,C01098,CH0002,2026-05-19,Completed,883.20,41.00,842.20,842.20,KRW
O01099,C01099,CH0003,2026-05-20,Completed,1914.80,94.00,1820.80,1820.80,KRW
O01100,C01100,CH0004,2026-05-21,Completed,300.50,0.00,300.50,300.50,KRW
O01101,C01101,CH0001,2026-05-22,Completed,35.90,9.50,26.40,26.40,KRW
O01102,C01102,CH0002,2026-05-23,Completed,453.30,14.00,439.30,439.30,KRW
O01103,C01103,CH0003,2026-05-24,Completed,766.70,18.50,748.20,748.20,KRW
O01104,C01104,CH0004,2026-05-25,Completed,113.60,26.13,87.47,87.47,KRW
O01105,C01105,CH0001,2026-05-26,Cancelled,841.80,0.00,841.80,841.80,KRW
O01106,C01106,CH0002,2026-05-27,Completed,1232.90,61.00,1171.90,1171.90,KRW
O01107,C01107,CH0003,2026-05-28,Completed,191.30,36.50,154.80,154.80,KRW
O01108,C01108,CH0004,2026-05-29,Completed,1230.30,504.42,725.88,725.88,KRW
O01109,C01109,CH0001,2026-05-30,Completed,1699.10,45.50,1653.60,1653.60,KRW
O01110,C01110,CH0002,2026-05-31,Completed,269.00,0.00,269.00,269.00,KRW
O01111,C01111,CH0003,2026-06-01,Completed,1618.80,9.50,1609.30,1609.30,KRW
O01112,C01112,CH0004,2026-06-02,Completed,2165.30,303.14,1862.16,1862.16,KRW
O01113,C01113,CH0001,2026-06-03,Completed,346.70,28.00,318.70,318.70,KRW
O01114,C01114,CH0002,2026-06-04,Completed,2007.30,23.00,1984.30,1984.30,KRW
O01115,C01115,CH0003,2026-06-05,Completed,2631.50,0.00,2631.50,2631.50,KRW
O01116,C01116,CH0004,2026-06-06,Completed,424.40,135.81,288.59,288.59,KRW
O01117,C01117,CH0001,2026-06-07,Completed,2395.80,36.50,2359.30,2359.30,KRW
O01118,C01118,CH0002,2026-06-08,Completed,3097.70,41.00,3056.70,3056.70,KRW
O01119,C01119,CH0003,2026-06-09,Completed,502.10,45.50,456.60,456.60,KRW
O01120,C01120,CH0004,2026-06-10,Completed,2784.30,974.50,1809.80,1809.80,KRW
O01121,C01121,CH0001,2026-06-11,Completed,3563.90,9.50,3554.40,3554.40,KRW
O01122,C01122,CH0002,2026-06-12,Cancelled,579.80,14.00,565.80,565.80,KRW
O01123,C01123,CH0003,2026-06-13,Completed,3172.80,18.50,3154.30,3154.30,KRW
O01124,C01124,CH0004,2026-06-14,Completed,4030.10,926.92,3103.18,3103.18,KRW
O01125,C01125,CH0001,2026-06-15,Completed,657.50,0.00,657.50,657.50,KRW
O01126,C01126,CH0002,2026-06-16,Completed,3561.30,32.00,3529.30,3529.30,KRW
O01127,C01127,CH0003,2026-06-17,Completed,4496.30,52.00,4444.30,4444.30,KRW
O01128,C01128,CH0004,2026-06-18,Completed,735.20,301.43,433.77,433.77,KRW
O01129,C01129,CH0001,2026-06-19,Completed,3949.80,45.50,3904.30,3904.30,KRW
O01130,C01130,CH0002,2026-06-20,Completed,4962.50,0.00,4962.50,4962.50,KRW
O01131,C01131,CH0003,2026-06-21,Completed,812.90,9.50,803.40,803.40,KRW
O01132,C01132,CH0004,2026-06-22,Completed,4338.30,607.36,3730.94,3730.94,KRW
O01133,C01133,CH0001,2026-06-23,Completed,3578.70,18.50,3560.20,3560.20,KRW
O01134,C01134,CH0002,2026-06-24,Completed,890.60,64.00,826.60,826.60,KRW
O01135,C01135,CH0003,2026-06-25,Completed,1951.80,0.00,1951.80,1951.80,KRW
O01136,C01136,CH0004,2026-06-26,Completed,344.90,110.37,234.53,234.53,KRW
O01137,C01137,CH0001,2026-06-27,Completed,43.30,36.50,6.80,6.80,KRW
O01138,C01138,CH0002,2026-06-28,Completed,490.30,41.00,449.30,449.30,KRW
O01139,C01139,CH0003,2026-06-29,Cancelled,811.10,45.50,765.60,765.60,KRW
O01140,C01140,CH0004,2026-05-01,Completed,121.00,0.00,121.00,121.00,KRW
O01141,C01141,CH0001,2026-05-02,Completed,878.80,31.00,847.80,847.80,KRW
O01142,C01142,CH0002,2026-05-03,Completed,1277.30,14.00,1263.30,1263.30,KRW
O01143,C01143,CH0003,2026-05-04,Completed,198.70,18.50,180.20,180.20,KRW
O01144,C01144,CH0004,2026-05-05,Completed,1267.30,291.48,975.82,975.82,KRW
O01145,C01145,CH0001,2026-05-06,Completed,1743.50,0.00,1743.50,1743.50,KRW
O01146,C01146,CH0002,2026-05-07,Completed,276.40,32.00,244.40,244.40,KRW
O01147,C01147,CH0003,2026-05-08,Completed,1655.80,36.50,1619.30,1619.30,KRW
O01148,C01148,CH0004,2026-05-09,Completed,2209.70,1944.54,265.16,265.16,KRW
O01149,C01149,CH0001,2026-05-10,Completed,354.10,45.50,308.60,308.60,KRW
O01150,C01150,CH0002,2026-05-11,Completed,2044.30,0.00,2044.30,2044.30,KRW
O01151,C01151,CH0003,2026-05-12,Completed,2675.90,9.50,2666.40,2666.40,KRW
O01152,C01152,CH0004,2026-05-13,Completed,431.80,60.45,371.35,371.35,KRW
O01153,C01153,CH0001,2026-05-14,Completed,2432.80,18.50,2414.30,2414.30,KRW
O01154,C01154,CH0002,2026-05-15,Completed,3142.10,23.00,3119.10,3119.10,KRW
O01155,C01155,CH0003,2026-05-16,Completed,509.50,27.50,482.00,482.00,KRW
O01156,C01156,CH0004,2026-05-17,Cancelled,2821.30,902.82,1918.48,1918.48,KRW
O01157,C01157,CH0001,2026-05-18,Completed,3608.30,36.50,3571.80,3571.80,KRW
O01158,C01158,CH0002,2026-05-19,Completed,587.20,41.00,546.20,546.20,KRW
O01159,C01159,CH0003,2026-05-20,Completed,3209.80,45.50,3164.30,3164.30,KRW
O01160,C01160,CH0004,2026-05-21,Completed,4074.50,0.00,4074.50,4074.50,KRW
O01161,C01161,CH0001,2026-05-22,Completed,664.90,9.50,655.40,655.40,KRW
O01162,C01162,CH0002,2026-05-23,Completed,3598.30,22.00,3576.30,3576.30,KRW
O01163,C01163,CH0003,2026-05-24,Completed,4540.70,18.50,4522.20,4522.20,KRW
O01164,C01164,CH0004,2026-05-25,Completed,742.60,170.80,571.80,571.80,KRW
O01165,C01165,CH0001,2026-05-26,Completed,3986.80,0.00,3986.80,3986.80,KRW
O01166,C01166,CH0002,2026-05-27,Completed,5006.90,32.00,4974.90,4974.90,KRW
O01167,C01167,CH0003,2026-05-28,Completed,820.30,36.50,783.80,783.80,KRW
O01168,C01168,CH0004,2026-05-29,Completed,4375.30,1793.87,2581.43,2581.43,KRW
O01169,C01169,CH0001,2026-05-30,Completed,3623.10,79.00,3544.10,3544.10,KRW
O01170,C01170,CH0002,2026-05-31,Completed,898.00,0.00,898.00,898.00,KRW
O01171,C01171,CH0003,2026-06-01,Completed,1988.80,9.50,1979.30,1979.30,KRW
O01172,C01172,CH0004,2026-06-02,Completed,389.30,54.50,334.80,334.80,KRW
O01173,C01173,CH0001,2026-06-03,Cancelled,50.70,18.50,32.20,32.20,KRW
O01174,C01174,CH0002,2026-06-04,Completed,527.30,23.00,504.30,504.30,KRW
O01175,C01175,CH0003,2026-06-05,Completed,855.50,0.00,855.50,855.50,KRW
O01176,C01176,CH0004,2026-06-06,Completed,128.40,59.06,69.34,69.34,KRW
O01177,C01177,CH0001,2026-06-07,Completed,915.80,36.50,879.30,879.30,KRW
O01178,C01178,CH0002,2026-06-08,Completed,1321.70,41.00,1280.70,1280.70,KRW
O01179,C01179,CH0003,2026-06-09,Completed,206.10,45.50,160.60,160.60,KRW
O01180,C01180,CH0004,2026-06-10,Completed,1304.30,0.00,1304.30,1304.30,KRW
O01181,C01181,CH0001,2026-06-11,Completed,1787.90,9.50,1778.40,1778.40,KRW
O01182,C01182,CH0002,2026-06-12,Completed,283.80,14.00,269.80,269.80,KRW
O01183,C01183,CH0003,2026-06-13,Completed,1692.80,43.00,1649.80,1649.80,KRW
O01184,C01184,CH0004,2026-06-14,Completed,2254.10,518.44,1735.66,1735.66,KRW
O01185,C01185,CH0001,2026-06-15,Completed,361.50,0.00,361.50,361.50,KRW
O01186,C01186,CH0002,2026-06-16,Completed,2081.30,32.00,2049.30,2049.30,KRW
O01187,C01187,CH0003,2026-06-17,Completed,2720.30,36.50,2683.80,2683.80,KRW
O01188,C01188,CH0004,2026-06-18,Completed,439.20,180.07,259.13,259.13,KRW
O01189,C01189,CH0001,2026-06-19,Completed,2469.80,45.50,2424.30,2424.30,KRW
O01190,C01190,CH0002,2026-06-20,Cancelled,3186.50,5.00,3181.50,3181.50,KRW
O01191,C01191,CH0003,2026-06-21,Completed,516.90,9.50,507.40,507.40,KRW
O01192,C01192,CH0004,2026-06-22,Completed,2858.30,400.16,2458.14,2458.14,KRW
O01193,C01193,CH0001,2026-06-23,Completed,3652.70,18.50,3634.20,3634.20,KRW
O01194,C01194,CH0002,2026-06-24,Completed,594.60,23.00,571.60,571.60,KRW
O01195,C01195,CH0003,2026-06-25,Completed,3246.80,0.00,3246.80,3246.80,KRW
O01196,C01196,CH0004,2026-06-26,Completed,4118.90,1318.05,2800.85,2800.85,KRW
O01197,C01197,CH0001,2026-06-27,Completed,672.30,67.00,605.30,605.30,KRW
O01198,C01198,CH0002,2026-06-28,Completed,3635.30,41.00,3594.30,3594.30,KRW
O01199,C01199,CH0003,2026-06-29,Completed,2365.10,45.50,2319.60,2319.60,KRW
O01200,C01200,CH0004,2026-05-01,Completed,750.00,0.00,750.00,750.00,KRW
O01201,C00001,CH0001,2026-05-02,Completed,323.80,9.50,314.30,314.30,KRW
O01202,C00002,CH0002,2026-05-03,Completed,611.30,14.00,597.30,597.30,KRW
O01203,C00003,CH0003,2026-05-04,Completed,87.70,18.50,69.20,69.20,KRW
O01204,C00004,CH0004,2026-05-05,Completed,712.30,242.18,470.12,470.12,KRW
O01205,C00005,CH0001,2026-05-06,Completed,1077.50,0.00,1077.50,1077.50,KRW
O01206,C00006,CH0002,2026-05-07,Completed,165.40,32.00,133.40,133.40,KRW
O01207,C00007,CH0003,2026-05-08,Cancelled,1100.80,36.50,1064.30,1064.30,KRW
O01208,C00008,CH0004,2026-05-09,Completed,1543.70,632.92,910.78,910.78,KRW
O01209,C00009,CH0001,2026-05-10,Completed,243.10,45.50,197.60,197.60,KRW
O01210,C00010,CH0002,2026-05-11,Completed,1489.30,0.00,1489.30,1489.30,KRW
O01211,C00011,CH0003,2026-05-12,Completed,2009.90,46.00,1963.90,1963.90,KRW
O01212,C00012,CH0004,2026-05-13,Completed,320.80,44.91,275.89,275.89,KRW
O01213,C00013,CH0001,2026-05-14,Completed,1877.80,18.50,1859.30,1859.30,KRW
O01214,C00014,CH0002,2026-05-15,Completed,2476.10,23.00,2453.10,2453.10,KRW
O01215,C00015,CH0003,2026-05-16,Completed,398.50,0.00,398.50,398.50,KRW
O01216,C00016,CH0004,2026-05-17,Completed,2266.30,725.22,1541.08,1541.08,KRW
O01217,C00017,CH0001,2026-05-18,Completed,2942.30,36.50,2905.80,2905.80,KRW
O01218,C00018,CH0002,2026-05-19,Completed,476.20,58.00,418.20,418.20,KRW
O01219,C00019,CH0003,2026-05-20,Completed,2654.80,45.50,2609.30,2609.30,KRW
O01220,C00020,CH0004,2026-05-21,Completed,3408.50,0.00,3408.50,3408.50,KRW
O01221,C00021,CH0001,2026-05-22,Completed,553.90,9.50,544.40,544.40,KRW
O01222,C00022,CH0002,2026-05-23,Completed,3043.30,14.00,3029.30,3029.30,KRW
O01223,C00023,CH0003,2026-05-24,Completed,3874.70,18.50,3856.20,3856.20,KRW
O01224,C00024,CH0004,2026-05-25,Cancelled,631.60,145.27,486.33,486.33,KRW
O01225,C00025,CH0001,2026-05-26,Completed,3431.80,42.50,3389.30,3389.30,KRW
O01226,C00026,CH0002,2026-05-27,Completed,4340.90,32.00,4308.90,4308.90,KRW
O01227,C00027,CH0003,2026-05-28,Completed,709.30,36.50,672.80,672.80,KRW
O01228,C00028,CH0004,2026-05-29,Completed,3820.30,1566.32,2253.98,2253.98,KRW
O01229,C00029,CH0001,2026-05-30,Completed,4807.10,45.50,4761.60,4761.60,KRW
O01230,C00030,CH0002,2026-05-31,Completed,787.00,0.00,787.00,787.00,KRW
O01231,C00031,CH0003,2026-06-01,Completed,4208.80,9.50,4199.30,4199.30,KRW
O01232,C00032,CH0004,2026-06-02,Completed,3423.30,1266.62,2156.68,2156.68,KRW
O01233,C00033,CH0001,2026-06-03,Completed,864.70,18.50,846.20,846.20,KRW
O01234,C00034,CH0002,2026-06-04,Completed,1822.30,23.00,1799.30,1799.30,KRW
O01235,C00035,CH0003,2026-06-05,Completed,2964.50,0.00,2964.50,2964.50,KRW
O01236,C00036,CH0004,2026-06-06,Completed,17.40,5.57,11.83,11.83,KRW
O01237,C00037,CH0001,2026-06-07,Completed,360.80,36.50,324.30,324.30,KRW
O01238,C00038,CH0002,2026-06-08,Completed,655.70,41.00,614.70,614.70,KRW
O01239,C00039,CH0003,2026-06-09,Completed,95.10,94.00,1.10,1.10,KRW
O01240,C00040,CH0004,2026-06-10,Completed,749.30,0.00,749.30,749.30,KRW
O01241,C00041,CH0001,2026-06-11,Cancelled,1121.90,9.50,1112.40,1112.40,KRW
O01242,C00042,CH0002,2026-06-12,Completed,172.80,14.00,158.80,158.80,KRW
O01243,C00043,CH0003,2026-06-13,Completed,1137.80,18.50,1119.30,1119.30,KRW
O01244,C00044,CH0004,2026-06-14,Completed,1588.10,365.26,1222.84,1222.84,KRW
O01245,C00045,CH0001,2026-06-15,Completed,250.50,0.00,250.50,250.50,KRW
O01246,C00046,CH0002,2026-06-16,Completed,1526.30,61.00,1465.30,1465.30,KRW
O01247,C00047,CH0003,2026-06-17,Completed,2054.30,36.50,2017.80,2017.80,KRW
O01248,C00048,CH0004,2026-06-18,Completed,328.20,134.56,193.64,193.64,KRW
O01249,C00049,CH0001,2026-06-19,Completed,1914.80,45.50,1869.30,1869.30,KRW
O01250,C00050,CH0002,2026-06-20,Completed,2520.50,0.00,2520.50,2520.50,KRW
O01251,C00051,CH0003,2026-06-21,Completed,405.90,9.50,396.40,396.40,KRW
O01252,C00052,CH0004,2026-06-22,Completed,2303.30,322.46,1980.84,1980.84,KRW
O01253,C00053,CH0001,2026-06-23,Completed,2986.70,28.00,2958.70,2958.70,KRW
O01254,C00054,CH0002,2026-06-24,Completed,483.60,23.00,460.60,460.60,KRW
O01255,C00055,CH0003,2026-06-25,Completed,2691.80,0.00,2691.80,2691.80,KRW
O01256,C00056,CH0004,2026-06-26,Completed,3452.90,1104.93,2347.97,2347.97,KRW
O01257,C00057,CH0001,2026-06-27,Completed,561.30,36.50,524.80,524.80,KRW
O01258,C00058,CH0002,2026-06-28,Cancelled,3080.30,41.00,3039.30,3039.30,KRW
O01259,C00059,CH0003,2026-06-29,Completed,3919.10,45.50,3873.60,3873.60,KRW
O01260,C00060,CH0004,2026-05-01,Completed,639.00,223.65,415.35,415.35,KRW
O01261,C00061,CH0001,2026-05-02,Completed,3468.80,9.50,3459.30,3459.30,KRW
O01262,C00062,CH0002,2026-05-03,Completed,4385.30,14.00,4371.30,4371.30,KRW
O01263,C00063,CH0003,2026-05-04,Completed,716.70,18.50,698.20,698.20,KRW
O01264,C00064,CH0004,2026-05-05,Completed,3857.30,887.18,2970.12,2970.12,KRW
O01265,C00065,CH0001,2026-05-06,Completed,4851.50,0.00,4851.50,4851.50,KRW
O01266,C00066,CH0002,2026-05-07,Completed,794.40,32.00,762.40,762.40,KRW
O01267,C00067,CH0003,2026-05-08,Completed,4245.80,52.00,4193.80,4193.80,KRW
O01268,C00068,CH0004,2026-05-09,Completed,3467.70,1421.76,2045.94,2045.94,KRW
O01269,C00069,CH0001,2026-05-10,Completed,872.10,45.50,826.60,826.60,KRW
O01270,C00070,CH0002,2026-05-11,Completed,1859.30,0.00,1859.30,1859.30,KRW
O01271,C00071,CH0003,2026-05-12,Completed,3008.90,9.50,2999.40,2999.40,KRW
O01272,C00072,CH0004,2026-05-13,Completed,24.80,3.47,21.33,21.33,KRW
O01273,C00073,CH0001,2026-05-14,Completed,397.80,18.50,379.30,379.30,KRW
O01274,C00074,CH0002,2026-05-15,Completed,700.10,49.00,651.10,651.10,KRW
O01275,C00075,CH0003,2026-05-16,Cancelled,102.50,0.00,102.50,102.50,KRW
O01276,C00076,CH0004,2026-05-17,Completed,786.30,251.62,534.68,534.68,KRW
O01277,C00077,CH0001,2026-05-18,Completed,1166.30,36.50,1129.80,1129.80,KRW
O01278,C00078,CH0002,2026-05-19,Completed,180.20,41.00,139.20,139.20,KRW
O01279,C00079,CH0003,2026-05-20,Completed,1174.80,45.50,1129.30,1129.30,KRW
O01280,C00080,CH0004,2026-05-21,Completed,1632.50,0.00,1632.50,1632.50,KRW
O01281,C00081,CH0001,2026-05-22,Completed,257.90,16.00,241.90,241.90,KRW
O01282,C00082,CH0002,2026-05-23,Completed,1563.30,14.00,1549.30,1549.30,KRW
O01283,C00083,CH0003,2026-05-24,Completed,2098.70,18.50,2080.20,2080.20,KRW
O01284,C00084,CH0004,2026-05-25,Completed,335.60,77.19,258.41,258.41,KRW
O01285,C00085,CH0001,2026-05-26,Completed,1951.80,0.00,1951.80,1951.80,KRW
O01286,C00086,CH0002,2026-05-27,Completed,2564.90,32.00,2532.90,2532.90,KRW
O01287,C00087,CH0003,2026-05-28,Completed,413.30,36.50,376.80,376.80,KRW
O01288,C00088,CH0004,2026-05-29,Completed,2340.30,1708.42,631.88,631.88,KRW
O01289,C00089,CH0001,2026-05-30,Completed,3031.10,45.50,2985.60,2985.60,KRW
O01290,C00090,CH0002,2026-05-31,Completed,491.00,0.00,491.00,491.00,KRW
O01291,C00091,CH0003,2026-06-01,Completed,2728.80,9.50,2719.30,2719.30,KRW
O01292,C00092,CH0004,2026-06-02,Cancelled,3497.30,489.62,3007.68,3007.68,KRW
O01293,C00093,CH0001,2026-06-03,Completed,568.70,18.50,550.20,550.20,KRW
O01294,C00094,CH0002,2026-06-04,Completed,3117.30,23.00,3094.30,3094.30,KRW
O01295,C00095,CH0003,2026-06-05,Completed,3963.50,12.50,3951.00,3951.00,KRW
O01296,C00096,CH0004,2026-06-06,Completed,646.40,206.85,439.55,439.55,KRW
O01297,C00097,CH0001,2026-06-07,Completed,3505.80,36.50,3469.30,3469.30,KRW
O01298,C00098,CH0002,2026-06-08,Completed,4429.70,41.00,4388.70,4388.70,KRW
O01299,C00099,CH0003,2026-06-09,Completed,724.10,45.50,678.60,678.60,KRW
O01300,C00100,CH0004,2026-06-10,Completed,3894.30,0.00,3894.30,3894.30,KRW
O01301,C00101,CH0001,2026-06-11,Completed,4895.90,9.50,4886.40,4886.40,KRW
O01302,C00102,CH0002,2026-06-12,Completed,801.80,52.00,749.80,749.80,KRW
O01303,C00103,CH0003,2026-06-13,Completed,4282.80,18.50,4264.30,4264.30,KRW
O01304,C00104,CH0004,2026-06-14,Completed,3512.10,807.78,2704.32,2704.32,KRW
O01305,C00105,CH0001,2026-06-15,Completed,879.50,0.00,879.50,879.50,KRW
O01306,C00106,CH0002,2026-06-16,Completed,1896.30,32.00,1864.30,1864.30,KRW
O01307,C00107,CH0003,2026-06-17,Completed,3053.30,36.50,3016.80,3016.80,KRW
O01308,C00108,CH0004,2026-06-18,Completed,32.20,13.20,19.00,19.00,KRW
O01309,C00109,CH0001,2026-06-19,Cancelled,434.80,64.00,370.80,370.80,KRW
O01310,C00110,CH0002,2026-06-20,Completed,744.50,0.00,744.50,744.50,KRW
O01311,C00111,CH0003,2026-06-21,Completed,109.90,9.50,100.40,100.40,KRW
O01312,C00112,CH0004,2026-06-22,Completed,823.30,115.26,708.04,708.04,KRW
O01313,C00113,CH0001,2026-06-23,Completed,1210.70,18.50,1192.20,1192.20,KRW
O01314,C00114,CH0002,2026-06-24,Completed,187.60,23.00,164.60,164.60,KRW
O01315,C00115,CH0003,2026-06-25,Completed,1211.80,0.00,1211.80,1211.80,KRW
O01316,C00116,CH0004,2026-06-26,Completed,1676.90,1274.44,402.46,402.46,KRW
O01317,C00117,CH0001,2026-06-27,Completed,265.30,36.50,228.80,228.80,KRW
O01318,C00118,CH0002,2026-06-28,Completed,1600.30,41.00,1559.30,1559.30,KRW
O01319,C00119,CH0003,2026-06-29,Completed,2143.10,45.50,2097.60,2097.60,KRW
O01320,C00120,CH0004,2026-05-01,Completed,343.00,0.00,343.00,343.00,KRW
O01321,C00121,CH0001,2026-05-02,Completed,1988.80,9.50,1979.30,1979.30,KRW
O01322,C00122,CH0002,2026-05-03,Completed,2609.30,14.00,2595.30,2595.30,KRW
O01323,C00123,CH0003,2026-05-04,Completed,420.70,43.00,377.70,377.70,KRW
O01324,C00124,CH0004,2026-05-05,Completed,2377.30,546.78,1830.52,1830.52,KRW
O01325,C00125,CH0001,2026-05-06,Completed,3075.50,0.00,3075.50,3075.50,KRW
O01326,C00126,CH0002,2026-05-07,Cancelled,498.40,32.00,466.40,466.40,KRW
O01327,C00127,CH0003,2026-05-08,Completed,2765.80,36.50,2729.30,2729.30,KRW
O01328,C00128,CH0004,2026-05-09,Completed,3541.70,1452.10,2089.60,2089.60,KRW
O01329,C00129,CH0001,2026-05-10,Completed,576.10,45.50,530.60,530.60,KRW
O01330,C00130,CH0002,2026-05-11,Completed,3154.30,5.00,3149.30,3149.30,KRW
O01331,C00131,CH0003,2026-05-12,Completed,4007.90,9.50,3998.40,3998.40,KRW
O01332,C00132,CH0004,2026-05-13,Completed,653.80,91.53,562.27,562.27,KRW
O01333,C00133,CH0001,2026-05-14,Completed,3542.80,18.50,3524.30,3524.30,KRW
O01334,C00134,CH0002,2026-05-15,Completed,4474.10,8.00,4466.10,4466.10,KRW
O01335,C00135,CH0003,2026-05-16,Completed,731.50,0.00,731.50,731.50,KRW
O01336,C00136,CH0004,2026-05-17,Completed,3931.30,668.32,3262.98,3262.98,KRW
O01337,C00137,CH0001,2026-05-18,Completed,4940.30,52.00,4888.30,4888.30,KRW
O01338,C00138,CH0002,2026-05-19,Completed,809.20,26.00,783.20,783.20,KRW
O01339,C00139,CH0003,2026-05-20,Completed,4319.80,30.50,4289.30,4289.30,KRW
O01340,C00140,CH0004,2026-05-21,Completed,3556.50,0.00,3556.50,3556.50,KRW
O01341,C00141,CH0001,2026-05-22,Completed,886.90,39.50,847.40,847.40,KRW
O01342,C00142,CH0002,2026-05-23,Completed,1933.30,44.00,1889.30,1889.30,KRW
O01343,C00143,CH0003,2026-05-24,Cancelled,322.70,48.50,274.20,274.20,KRW
O01344,C00144,CH0004,2026-05-25,Completed,39.60,7.52,32.08,32.08,KRW
O01345,C00145,CH0001,2026-05-26,Completed,471.80,0.00,471.80,471.80,KRW
O01346,C00146,CH0002,2026-05-27,Completed,788.90,17.00,771.90,771.90,KRW
O01347,C00147,CH0003,2026-05-28,Completed,117.30,21.50,95.80,95.80,KRW
O01348,C00148,CH0004,2026-05-29,Completed,860.30,223.68,636.62,636.62,KRW
O01349,C00149,CH0001,2026-05-30,Completed,1255.10,30.50,1224.60,1224.60,KRW
O01350,C00150,CH0002,2026-05-31,Completed,195.00,0.00,195.00,195.00,KRW
O01351,C00151,CH0003,2026-06-01,Completed,1248.80,76.00,1172.80,1172.80,KRW
O01352,C00152,CH0004,2026-06-02,Completed,1721.30,757.37,963.93,963.93,KRW
O01353,C00153,CH0001,2026-06-03,Completed,272.70,48.50,224.20,224.20,KRW
O01354,C00154,CH0002,2026-06-04,Completed,1637.30,8.00,1629.30,1629.30,KRW
O01355,C00155,CH0003,2026-06-05,Completed,2187.50,0.00,2187.50,2187.50,KRW
O01356,C00156,CH0004,2026-06-06,Completed,350.40,59.57,290.83,290.83,KRW
O01357,C00157,CH0001,2026-06-07,Completed,2025.80,21.50,2004.30,2004.30,KRW
O01358,C00158,CH0002,2026-06-08,Completed,2653.70,43.00,2610.70,2610.70,KRW
O01359,C00159,CH0003,2026-06-09,Completed,428.10,30.50,397.60,397.60,KRW
O01360,C00160,CH0004,2026-06-10,Cancelled,2414.30,0.00,2414.30,2414.30,KRW
O01361,C00161,CH0001,2026-06-11,Completed,3119.90,39.50,3080.40,3080.40,KRW
O01362,C00162,CH0002,2026-06-12,Completed,505.80,44.00,461.80,461.80,KRW
O01363,C00163,CH0003,2026-06-13,Completed,2802.80,48.50,2754.30,2754.30,KRW
O01364,C00164,CH0004,2026-06-14,Completed,3586.10,286.89,3299.21,3299.21,KRW
O01365,C00165,CH0001,2026-06-15,Completed,583.50,27.50,556.00,556.00,KRW
O01366,C00166,CH0002,2026-06-16,Completed,3191.30,17.00,3174.30,3174.30,KRW
O01367,C00167,CH0003,2026-06-17,Completed,4052.30,21.50,4030.80,4030.80,KRW
O01368,C00168,CH0004,2026-06-18,Completed,661.20,171.91,489.29,489.29,KRW
O01369,C00169,CH0001,2026-06-19,Completed,3579.80,30.50,3549.30,3549.30,KRW
O01370,C00170,CH0002,2026-06-20,Completed,2298.50,0.00,2298.50,2298.50,KRW
O01371,C00171,CH0003,2026-06-21,Completed,738.90,39.50,699.40,699.40,KRW
O01372,C00172,CH0004,2026-06-22,Completed,268.30,139.52,128.78,128.78,KRW
O01373,C00173,CH0001,2026-06-23,Completed,544.70,48.50,496.20,496.20,KRW
O01374,C00174,CH0002,2026-06-24,Completed,76.60,8.00,68.60,68.60,KRW
O01375,C00175,CH0003,2026-06-25,Completed,656.80,0.00,656.80,656.80,KRW
O01376,C00176,CH0004,2026-06-26,Completed,1010.90,171.85,839.05,839.05,KRW
O01377,C00177,CH0001,2026-06-27,Cancelled,154.30,21.50,132.80,132.80,KRW
O01378,C00178,CH0002,2026-06-28,Completed,1045.30,26.00,1019.30,1019.30,KRW
O01379,C00179,CH0003,2026-06-29,Completed,1477.10,64.00,1413.10,1413.10,KRW
O01380,C00180,CH0004,2026-05-01,Completed,232.00,0.00,232.00,232.00,KRW
O01381,C00181,CH0001,2026-05-02,Completed,1433.80,39.50,1394.30,1394.30,KRW
O01382,C00182,CH0002,2026-05-03,Completed,1943.30,44.00,1899.30,1899.30,KRW
O01383,C00183,CH0003,2026-05-04,Completed,309.70,48.50,261.20,261.20,KRW
O01384,C00184,CH0004,2026-05-05,Completed,1822.30,145.78,1676.52,1676.52,KRW
O01385,C00185,CH0001,2026-05-06,Completed,2409.50,0.00,2409.50,2409.50,KRW
O01386,C00186,CH0002,2026-05-07,Completed,387.40,31.00,356.40,356.40,KRW
O01387,C00187,CH0003,2026-05-08,Completed,2210.80,21.50,2189.30,2189.30,KRW
O01388,C00188,CH0004,2026-05-09,Completed,2875.70,747.68,2128.02,2128.02,KRW
O01389,C00189,CH0001,2026-05-10,Completed,465.10,30.50,434.60,434.60,KRW
O01390,C00190,CH0002,2026-05-11,Completed,2599.30,0.00,2599.30,2599.30,KRW
O01391,C00191,CH0003,2026-05-12,Completed,3341.90,39.50,3302.40,3302.40,KRW
O01392,C00192,CH0004,2026-05-13,Completed,542.80,238.83,303.97,303.97,KRW
O01393,C00193,CH0001,2026-05-14,Completed,2987.80,88.00,2899.80,2899.80,KRW
O01394,C00194,CH0002,2026-05-15,Cancelled,3808.10,8.00,3800.10,3800.10,KRW
O01395,C00195,CH0003,2026-05-16,Completed,620.50,0.00,620.50,620.50,KRW
O01396,C00196,CH0004,2026-05-17,Completed,3376.30,573.97,2802.33,2802.33,KRW
O01397,C00197,CH0001,2026-05-18,Completed,4274.30,21.50,4252.80,4252.80,KRW
O01398,C00198,CH0002,2026-05-19,Completed,698.20,26.00,672.20,672.20,KRW
O01399,C00199,CH0003,2026-05-20,Completed,3764.80,30.50,3734.30,3734.30,KRW
O01400,C00200,CH0004,2026-05-21,Completed,4740.50,948.10,3792.40,3792.40,KRW
O01401,C00201,CH0001,2026-05-22,Completed,775.90,39.50,736.40,736.40,KRW
O01402,C00202,CH0002,2026-05-23,Completed,4153.30,44.00,4109.30,4109.30,KRW
O01403,C00203,CH0003,2026-05-24,Completed,5206.70,48.50,5158.20,5158.20,KRW
O01404,C00204,CH0004,2026-05-25,Completed,853.60,68.29,785.31,785.31,KRW
O01405,C00205,CH0001,2026-05-26,Completed,4541.80,0.00,4541.80,4541.80,KRW
O01406,C00206,CH0002,2026-05-27,Completed,2897.90,17.00,2880.90,2880.90,KRW
O01407,C00207,CH0003,2026-05-28,Completed,931.30,67.00,864.30,864.30,KRW
O01408,C00208,CH0004,2026-05-29,Completed,305.30,79.38,225.92,225.92,KRW
O01409,C00209,CH0001,2026-05-30,Completed,589.10,30.50,558.60,558.60,KRW
O01410,C00210,CH0002,2026-05-31,Completed,84.00,0.00,84.00,84.00,KRW
O01411,C00211,CH0003,2026-06-01,Cancelled,693.80,39.50,654.30,654.30,KRW
O01412,C00212,CH0004,2026-06-02,Completed,1055.30,464.33,590.97,590.97,KRW
O01413,C00213,CH0001,2026-06-03,Completed,161.70,48.50,113.20,113.20,KRW
O01414,C00214,CH0002,2026-06-04,Completed,1082.30,34.00,1048.30,1048.30,KRW
O01415,C00215,CH0003,2026-06-05,Completed,1521.50,0.00,1521.50,1521.50,KRW
O01416,C00216,CH0004,2026-06-06,Completed,239.40,40.70,198.70,198.70,KRW
O01417,C00217,CH0001,2026-06-07,Completed,1470.80,21.50,1449.30,1449.30,KRW
O01418,C00218,CH0002,2026-06-08,Completed,1987.70,26.00,1961.70,1961.70,KRW
O01419,C00219,CH0003,2026-06-09,Completed,317.10,30.50,286.60,286.60,KRW
O01420,C00220,CH0004,2026-06-10,Completed,1859.30,0.00,1859.30,1859.30,KRW
O01421,C00221,CH0001,2026-06-11,Completed,2453.90,46.00,2407.90,2407.90,KRW
O01422,C00222,CH0002,2026-06-12,Completed,394.80,44.00,350.80,350.80,KRW
O01423,C00223,CH0003,2026-06-13,Completed,2247.80,48.50,2199.30,2199.30,KRW
O01424,C00224,CH0004,2026-06-14,Completed,2920.10,233.61,2686.49,2686.49,KRW
O01425,C00225,CH0001,2026-06-15,Completed,472.50,0.00,472.50,472.50,KRW
O01426,C00226,CH0002,2026-06-16,Completed,2636.30,17.00,2619.30,2619.30,KRW
O01427,C00227,CH0003,2026-06-17,Completed,3386.30,21.50,3364.80,3364.80,KRW
O01428,C00228,CH0004,2026-06-18,Cancelled,550.20,319.12,231.08,231.08,KRW
O01429,C00229,CH0001,2026-06-19,Completed,3024.80,30.50,2994.30,2994.30,KRW
O01430,C00230,CH0002,2026-06-20,Completed,3852.50,0.00,3852.50,3852.50,KRW
O01431,C00231,CH0003,2026-06-21,Completed,627.90,39.50,588.40,588.40,KRW
O01432,C00232,CH0004,2026-06-22,Completed,3413.30,1501.85,1911.45,1911.45,KRW
O01433,C00233,CH0001,2026-06-23,Completed,4318.70,48.50,4270.20,4270.20,KRW
O01434,C00234,CH0002,2026-06-24,Completed,705.60,8.00,697.60,697.60,KRW
O01435,C00235,CH0003,2026-06-25,Completed,3801.80,12.50,3789.30,3789.30,KRW
O01436,C00236,CH0004,2026-06-26,Completed,4784.90,813.43,3971.47,3971.47,KRW
O01437,C00237,CH0001,2026-06-27,Completed,783.30,21.50,761.80,761.80,KRW
O01438,C00238,CH0002,2026-06-28,Completed,4190.30,26.00,4164.30,4164.30,KRW
O01439,C00239,CH0003,2026-06-29,Completed,5251.10,30.50,5220.60,5220.60,KRW
O01440,C00240,CH0004,2026-05-01,Completed,861.00,0.00,861.00,861.00,KRW
O01441,C00241,CH0001,2026-05-02,Completed,1803.80,39.50,1764.30,1764.30,KRW
O01442,C00242,CH0002,2026-05-03,Completed,2942.30,82.00,2860.30,2860.30,KRW
O01443,C00243,CH0003,2026-05-04,Completed,13.70,13.70,0.00,0.00,KRW
O01444,C00244,CH0004,2026-05-05,Completed,342.30,27.38,314.92,314.92,KRW
O01445,C00245,CH0001,2026-05-06,Cancelled,633.50,0.00,633.50,633.50,KRW
O01446,C00246,CH0002,2026-05-07,Completed,91.40,17.00,74.40,74.40,KRW
O01447,C00247,CH0003,2026-05-08,Completed,730.80,21.50,709.30,709.30,KRW
O01448,C00248,CH0004,2026-05-09,Completed,1099.70,285.92,813.78,813.78,KRW
O01449,C00249,CH0001,2026-05-10,Completed,169.10,49.00,120.10,120.10,KRW
O01450,C00250,CH0002,2026-05-11,Completed,1119.30,0.00,1119.30,1119.30,KRW
O01451,C00251,CH0003,2026-05-12,Completed,1565.90,39.50,1526.40,1526.40,KRW
O01452,C00252,CH0004,2026-05-13,Completed,246.80,108.59,138.21,138.21,KRW
O01453,C00253,CH0001,2026-05-14,Completed,1507.80,48.50,1459.30,1459.30,KRW
O01454,C00254,CH0002,2026-05-15,Completed,2032.10,8.00,2024.10,2024.10,KRW
O01455,C00255,CH0003,2026-05-16,Completed,324.50,0.00,324.50,324.50,KRW
O01456,C00256,CH0004,2026-05-17,Completed,1896.30,872.30,1024.00,1024.00,KRW
O01457,C00257,CH0001,2026-05-18,Completed,2498.30,21.50,2476.80,2476.80,KRW
O01458,C00258,CH0002,2026-05-19,Completed,402.20,26.00,376.20,376.20,KRW
O01459,C00259,CH0003,2026-05-20,Completed,2284.80,30.50,2254.30,2254.30,KRW
O01460,C00260,CH0004,2026-05-21,Completed,2964.50,0.00,2964.50,2964.50,KRW
O01461,C00261,CH0001,2026-05-22,Completed,479.90,39.50,440.40,440.40,KRW
O01462,C00262,CH0002,2026-05-23,Cancelled,2673.30,44.00,2629.30,2629.30,KRW
O01463,C00263,CH0003,2026-05-24,Completed,3430.70,58.00,3372.70,3372.70,KRW
O01464,C00264,CH0004,2026-05-25,Completed,557.60,44.61,512.99,512.99,KRW
O01465,C00265,CH0001,2026-05-26,Completed,3061.80,0.00,3061.80,3061.80,KRW
O01466,C00266,CH0002,2026-05-27,Completed,3896.90,17.00,3879.90,3879.90,KRW
O01467,C00267,CH0003,2026-05-28,Completed,635.30,21.50,613.80,613.80,KRW
O01468,C00268,CH0004,2026-05-29,Completed,3450.30,897.08,2553.22,2553.22,KRW
O01469,C00269,CH0001,2026-05-30,Completed,4363.10,30.50,4332.60,4332.60,KRW
O01470,C00270,CH0002,2026-05-31,Completed,713.00,35.00,678.00,678.00,KRW
O01471,C00271,CH0003,2026-06-01,Completed,3838.80,39.50,3799.30,3799.30,KRW
O01472,C00272,CH0004,2026-06-02,Completed,4829.30,2124.89,2704.41,2704.41,KRW
O01473,C00273,CH0001,2026-06-03,Completed,790.70,48.50,742.20,742.20,KRW
O01474,C00274,CH0002,2026-06-04,Completed,4227.30,8.00,4219.30,4219.30,KRW
O01475,C00275,CH0003,2026-06-05,Completed,3445.50,0.00,3445.50,3445.50,KRW
O01476,C00276,CH0004,2026-06-06,Completed,868.40,147.63,720.77,720.77,KRW
O01477,C00277,CH0001,2026-06-07,Completed,1840.80,37.00,1803.80,1803.80,KRW
O01478,C00278,CH0002,2026-06-08,Completed,2986.70,26.00,2960.70,2960.70,KRW
O01479,C00279,CH0003,2026-06-09,Cancelled,21.10,21.10,0.00,0.00,KRW
O01480,C00280,CH0004,2026-06-10,Completed,379.30,0.00,379.30,379.30,KRW
O01481,C00281,CH0001,2026-06-11,Completed,677.90,39.50,638.40,638.40,KRW
O01482,C00282,CH0002,2026-06-12,Completed,98.80,44.00,54.80,54.80,KRW
O01483,C00283,CH0003,2026-06-13,Completed,767.80,48.50,719.30,719.30,KRW
O01484,C00284,CH0004,2026-06-14,Completed,1144.10,560.61,583.49,583.49,KRW
O01485,C00285,CH0001,2026-06-15,Completed,176.50,0.00,176.50,176.50,KRW
O01486,C00286,CH0002,2026-06-16,Completed,1156.30,17.00,1139.30,1139.30,KRW
O01487,C00287,CH0003,2026-06-17,Completed,1610.30,21.50,1588.80,1588.80,KRW
O01488,C00288,CH0004,2026-06-18,Completed,254.20,66.09,188.11,188.11,KRW
O01489,C00289,CH0001,2026-06-19,Completed,1544.80,30.50,1514.30,1514.30,KRW
O01490,C00290,CH0002,2026-06-20,Completed,2076.50,0.00,2076.50,2076.50,KRW
O01491,C00291,CH0003,2026-06-21,Completed,331.90,61.00,270.90,270.90,KRW
O01492,C00292,CH0004,2026-06-22,Completed,1933.30,850.65,1082.65,1082.65,KRW
O01493,C00293,CH0001,2026-06-23,Completed,2542.70,48.50,2494.20,2494.20,KRW
O01494,C00294,CH0002,2026-06-24,Completed,409.60,8.00,401.60,401.60,KRW
O01495,C00295,CH0003,2026-06-25,Completed,2321.80,0.00,2321.80,2321.80,KRW
O01496,C00296,CH0004,2026-06-26,Cancelled,3008.90,511.51,2497.39,2497.39,KRW
O01497,C00297,CH0001,2026-06-27,Completed,487.30,21.50,465.80,465.80,KRW
O01498,C00298,CH0002,2026-06-28,Completed,2710.30,73.00,2637.30,2637.30,KRW
O01499,C00299,CH0003,2026-06-29,Completed,3475.10,30.50,3444.60,3444.60,KRW
O01500,C00300,CH0004,2026-05-01,Completed,565.00,0.00,565.00,565.00,KRW
O01501,C00301,CH0001,2026-05-02,Completed,3098.80,39.50,3059.30,3059.30,KRW
O01502,C00302,CH0002,2026-05-03,Completed,3941.30,44.00,3897.30,3897.30,KRW
O01503,C00303,CH0003,2026-05-04,Completed,642.70,48.50,594.20,594.20,KRW
O01504,C00304,CH0004,2026-05-05,Completed,3487.30,278.98,3208.32,3208.32,KRW
O01505,C00305,CH0001,2026-05-06,Completed,4407.50,27.50,4380.00,4380.00,KRW
O01506,C00306,CH0002,2026-05-07,Completed,720.40,17.00,703.40,703.40,KRW
O01507,C00307,CH0003,2026-05-08,Completed,3875.80,21.50,3854.30,3854.30,KRW
O01508,C00308,CH0004,2026-05-09,Completed,4873.70,1267.16,3606.54,3606.54,KRW
O01509,C00309,CH0001,2026-05-10,Completed,798.10,30.50,767.60,767.60,KRW
O01510,C00310,CH0002,2026-05-11,Completed,4264.30,0.00,4264.30,4264.30,KRW
O01511,C00311,CH0003,2026-05-12,Completed,3489.90,39.50,3450.40,3450.40,KRW
O01512,C00312,CH0004,2026-05-13,Completed,875.80,455.42,420.38,420.38,KRW
O01513,C00313,CH0001,2026-05-14,Cancelled,1877.80,48.50,1829.30,1829.30,KRW
O01514,C00314,CH0002,2026-05-15,Completed,3031.10,8.00,3023.10,3023.10,KRW
O01515,C00315,CH0003,2026-05-16,Completed,28.50,0.00,28.50,28.50,KRW
O01516,C00316,CH0004,2026-05-17,Completed,416.30,70.77,345.53,345.53,KRW
O01517,C00317,CH0001,2026-05-18,Completed,722.30,21.50,700.80,700.80,KRW
O01518,C00318,CH0002,2026-05-19,Completed,106.20,26.00,80.20,80.20,KRW
O01519,C00319,CH0003,2026-05-20,Completed,804.80,64.00,740.80,740.80,KRW
O01520,C00320,CH0004,2026-05-21,Completed,1188.50,0.00,1188.50,1188.50,KRW
O01521,C00321,CH0001,2026-05-22,Completed,183.90,39.50,144.40,144.40,KRW
O01522,C00322,CH0002,2026-05-23,Completed,1193.30,44.00,1149.30,1149.30,KRW
O01523,C00323,CH0003,2026-05-24,Completed,1654.70,48.50,1606.20,1606.20,KRW
O01524,C00324,CH0004,2026-05-25,Completed,261.60,20.93,240.67,240.67,KRW
O01525,C00325,CH0001,2026-05-26,Completed,1581.80,0.00,1581.80,1581.80,KRW
O01526,C00326,CH0002,2026-05-27,Completed,2120.90,31.00,2089.90,2089.90,KRW
O01527,C00327,CH0003,2026-05-28,Completed,339.30,21.50,317.80,317.80,KRW
O01528,C00328,CH0004,2026-05-29,Completed,1970.30,512.28,1458.02,1458.02,KRW
O01529,C00329,CH0001,2026-05-30,Completed,2587.10,30.50,2556.60,2556.60,KRW
O01530,C00330,CH0002,2026-05-31,Cancelled,417.00,0.00,417.00,417.00,KRW
O01531,C00331,CH0003,2026-06-01,Completed,2358.80,39.50,2319.30,2319.30,KRW
O01532,C00332,CH0004,2026-06-02,Completed,3053.30,1343.45,1709.85,1709.85,KRW
O01533,C00333,CH0001,2026-06-03,Completed,494.70,88.00,406.70,406.70,KRW
O01534,C00334,CH0002,2026-06-04,Completed,2747.30,8.00,2739.30,2739.30,KRW
O01535,C00335,CH0003,2026-06-05,Completed,3519.50,0.00,3519.50,3519.50,KRW
O01536,C00336,CH0004,2026-06-06,Completed,572.40,97.31,475.09,475.09,KRW
O01537,C00337,CH0001,2026-06-07,Completed,3135.80,21.50,3114.30,3114.30,KRW
O01538,C00338,CH0002,2026-06-08,Completed,3985.70,26.00,3959.70,3959.70,KRW
O01539,C00339,CH0003,2026-06-09,Completed,650.10,30.50,619.60,619.60,KRW
O01540,C00340,CH0004,2026-06-10,Completed,3524.30,704.86,2819.44,2819.44,KRW
O01541,C00341,CH0001,2026-06-11,Completed,2971.90,39.50,2932.40,2932.40,KRW
O01542,C00342,CH0002,2026-06-12,Completed,727.80,44.00,683.80,683.80,KRW
O01543,C00343,CH0003,2026-06-13,Completed,212.80,48.50,164.30,164.30,KRW
O01544,C00344,CH0004,2026-06-14,Completed,478.10,38.25,439.85,439.85,KRW
O01545,C00345,CH0001,2026-06-15,Completed,65.50,0.00,65.50,65.50,KRW
O01546,C00346,CH0002,2026-06-16,Completed,601.30,17.00,584.30,584.30,KRW
O01547,C00347,CH0003,2026-06-17,Cancelled,944.30,52.00,892.30,892.30,KRW
O01548,C00348,CH0004,2026-06-18,Completed,143.20,37.23,105.97,105.97,KRW
O01549,C00349,CH0001,2026-06-19,Completed,989.80,30.50,959.30,959.30,KRW
O01550,C00350,CH0002,2026-06-20,Completed,825.50,0.00,825.50,825.50,KRW
O01551,C00351,CH0003,2026-06-21,Completed,220.90,39.50,181.40,181.40,KRW
O01552,C00352,CH0004,2026-06-22,Completed,1378.30,606.45,771.85,771.85,KRW
O01553,C00353,CH0001,2026-06-23,Completed,1876.70,48.50,1828.20,1828.20,KRW
O01554,C00354,CH0002,2026-06-24,Completed,298.60,19.00,279.60,279.60,KRW
O01555,C00355,CH0003,2026-06-25,Completed,1766.80,0.00,1766.80,1766.80,KRW
O01556,C00356,CH0004,2026-06-26,Completed,2342.90,398.29,1944.61,1944.61,KRW
O01557,C00357,CH0001,2026-06-27,Completed,376.30,21.50,354.80,354.80,KRW
O01558,C00358,CH0002,2026-06-28,Completed,2155.30,26.00,2129.30,2129.30,KRW
O01559,C00359,CH0003,2026-06-29,Completed,2809.10,30.50,2778.60,2778.60,KRW
O01560,C00360,CH0004,2026-05-01,Completed,454.00,0.00,454.00,454.00,KRW
O01561,C00361,CH0001,2026-05-02,Completed,2543.80,76.00,2467.80,2467.80,KRW
O01562,C00362,CH0002,2026-05-03,Completed,3275.30,44.00,3231.30,3231.30,KRW
O01563,C00363,CH0003,2026-05-04,Completed,531.70,48.50,483.20,483.20,KRW
O01564,C00364,CH0004,2026-05-05,Cancelled,2932.30,234.58,2697.72,2697.72,KRW
O01565,C00365,CH0001,2026-05-06,Completed,3741.50,0.00,3741.50,3741.50,KRW
O01566,C00366,CH0002,2026-05-07,Completed,609.40,17.00,592.40,592.40,KRW
O01567,C00367,CH0003,2026-05-08,Completed,3320.80,21.50,3299.30,3299.30,KRW
O01568,C00368,CH0004,2026-05-09,Completed,4207.70,1809.31,2398.39,2398.39,KRW
O01569,C00369,CH0001,2026-05-10,Completed,687.10,30.50,656.60,656.60,KRW
O01570,C00370,CH0002,2026-05-11,Completed,3709.30,0.00,3709.30,3709.30,KRW
O01571,C00371,CH0003,2026-05-12,Completed,4673.90,39.50,4634.40,4634.40,KRW
O01572,C00372,CH0004,2026-05-13,Completed,764.80,336.51,428.29,428.29,KRW
O01573,C00373,CH0001,2026-05-14,Completed,4097.80,48.50,4049.30,4049.30,KRW
O01574,C00374,CH0002,2026-05-15,Completed,5140.10,8.00,5132.10,5132.10,KRW
O01575,C00375,CH0003,2026-05-16,Completed,842.50,42.50,800.00,800.00,KRW
O01576,C00376,CH0004,2026-05-17,Completed,4486.30,762.67,3723.63,3723.63,KRW
O01577,C00377,CH0001,2026-05-18,Completed,2831.30,21.50,2809.80,2809.80,KRW
O01578,C00378,CH0002,2026-05-19,Completed,920.20,26.00,894.20,894.20,KRW
O01579,C00379,CH0003,2026-05-20,Completed,249.80,30.50,219.30,219.30,KRW
O01580,C00380,CH0004,2026-05-21,Completed,522.50,0.00,522.50,522.50,KRW
O01581,C00381,CH0001,2026-05-22,Cancelled,72.90,39.50,33.40,33.40,KRW
O01582,C00382,CH0002,2026-05-23,Completed,638.30,67.00,571.30,571.30,KRW
O01583,C00383,CH0003,2026-05-24,Completed,988.70,48.50,940.20,940.20,KRW
O01584,C00384,CH0004,2026-05-25,Completed,150.60,12.05,138.55,138.55,KRW
O01585,C00385,CH0001,2026-05-26,Completed,1026.80,0.00,1026.80,1026.80,KRW
O01586,C00386,CH0002,2026-05-27,Completed,1454.90,17.00,1437.90,1437.90,KRW
O01587,C00387,CH0003,2026-05-28,Completed,228.30,21.50,206.80,206.80,KRW
O01588,C00388,CH0004,2026-05-29,Completed,1415.30,367.98,1047.32,1047.32,KRW
O01589,C00389,CH0001,2026-05-30,Completed,1921.10,79.00,1842.10,1842.10,KRW
O01590,C00390,CH0002,2026-05-31,Completed,306.00,0.00,306.00,306.00,KRW
O01591,C00391,CH0003,2026-06-01,Completed,1803.80,39.50,1764.30,1764.30,KRW
O01592,C00392,CH0004,2026-06-02,Completed,2387.30,1050.41,1336.89,1336.89,KRW
O01593,C00393,CH0001,2026-06-03,Completed,383.70,48.50,335.20,335.20,KRW
O01594,C00394,CH0002,2026-06-04,Completed,2192.30,8.00,2184.30,2184.30,KRW
O01595,C00395,CH0003,2026-06-05,Completed,2853.50,0.00,2853.50,2853.50,KRW
O01596,C00396,CH0004,2026-06-06,Completed,461.40,212.24,249.16,249.16,KRW
O01597,C00397,CH0001,2026-06-07,Completed,2580.80,21.50,2559.30,2559.30,KRW
O01598,C00398,CH0002,2026-06-08,Cancelled,3319.70,26.00,3293.70,3293.70,KRW
O01599,C00399,CH0003,2026-06-09,Completed,539.10,30.50,508.60,508.60,KRW
O01600,C00400,CH0004,2026-06-10,Completed,2969.30,0.00,2969.30,2969.30,KRW
O01601,C00401,CH0001,2026-06-11,Completed,3785.90,39.50,3746.40,3746.40,KRW
O01602,C00402,CH0002,2026-06-12,Completed,616.80,44.00,572.80,572.80,KRW
O01603,C00403,CH0003,2026-06-13,Completed,3357.80,58.00,3299.80,3299.80,KRW
O01604,C00404,CH0004,2026-06-14,Completed,4252.10,340.17,3911.93,3911.93,KRW
O01605,C00405,CH0001,2026-06-15,Completed,694.50,0.00,694.50,694.50,KRW
O01606,C00406,CH0002,2026-06-16,Completed,3746.30,17.00,3729.30,3729.30,KRW
O01607,C00407,CH0003,2026-06-17,Completed,4718.30,21.50,4696.80,4696.80,KRW
O01608,C00408,CH0004,2026-06-18,Completed,772.20,200.77,571.43,571.43,KRW
O01609,C00409,CH0001,2026-06-19,Completed,4134.80,30.50,4104.30,4104.30,KRW
O01610,C00410,CH0002,2026-06-20,Completed,5184.50,35.00,5149.50,5149.50,KRW
O01611,C00411,CH0003,2026-06-21,Completed,849.90,39.50,810.40,810.40,KRW
O01612,C00412,CH0004,2026-06-22,Completed,4523.30,1990.25,2533.05,2533.05,KRW
O01613,C00413,CH0001,2026-06-23,Completed,2875.70,48.50,2827.20,2827.20,KRW
O01614,C00414,CH0002,2026-06-24,Completed,927.60,8.00,919.60,919.60,KRW
O01615,C00415,CH0003,2026-06-25,Cancelled,286.80,0.00,286.80,286.80,KRW
O01616,C00416,CH0004,2026-06-26,Completed,566.90,96.37,470.53,470.53,KRW
O01617,C00417,CH0001,2026-06-27,Completed,80.30,37.00,43.30,43.30,KRW
O01618,C00418,CH0002,2026-06-28,Completed,675.30,26.00,649.30,649.30,KRW
O01619,C00419,CH0003,2026-06-29,Completed,1033.10,30.50,1002.60,1002.60,KRW
O01620,C00420,CH0004,2026-05-01,Completed,158.00,0.00,158.00,158.00,KRW
O01621,C00421,CH0001,2026-05-02,Completed,1063.80,39.50,1024.30,1024.30,KRW
O01622,C00422,CH0002,2026-05-03,Completed,1499.30,44.00,1455.30,1455.30,KRW
O01623,C00423,CH0003,2026-05-04,Completed,235.70,48.50,187.20,187.20,KRW
O01624,C00424,CH0004,2026-05-05,Completed,1452.30,711.63,740.67,740.67,KRW
O01625,C00425,CH0001,2026-05-06,Completed,1965.50,0.00,1965.50,1965.50,KRW
O01626,C00426,CH0002,2026-05-07,Completed,313.40,17.00,296.40,296.40,KRW
O01627,C00427,CH0003,2026-05-08,Completed,1840.80,21.50,1819.30,1819.30,KRW
O01628,C00428,CH0004,2026-05-09,Completed,2431.70,632.24,1799.46,1799.46,KRW
O01629,C00429,CH0001,2026-05-10,Completed,391.10,30.50,360.60,360.60,KRW
O01630,C00430,CH0002,2026-05-11,Completed,2229.30,0.00,2229.30,2229.30,KRW
O01631,C00431,CH0003,2026-05-12,Completed,2897.90,61.00,2836.90,2836.90,KRW
O01632,C00432,CH0004,2026-05-13,Cancelled,468.80,206.27,262.53,262.53,KRW
O01633,C00433,CH0001,2026-05-14,Completed,2617.80,48.50,2569.30,2569.30,KRW
O01634,C00434,CH0002,2026-05-15,Completed,3364.10,8.00,3356.10,3356.10,KRW
O01635,C00435,CH0003,2026-05-16,Completed,546.50,0.00,546.50,546.50,KRW
O01636,C00436,CH0004,2026-05-17,Completed,3006.30,511.07,2495.23,2495.23,KRW
O01637,C00437,CH0001,2026-05-18,Completed,3830.30,21.50,3808.80,3808.80,KRW
O01638,C00438,CH0002,2026-05-19,Completed,624.20,58.00,566.20,566.20,KRW
O01639,C00439,CH0003,2026-05-20,Completed,3394.80,30.50,3364.30,3364.30,KRW
O01640,C00440,CH0004,2026-05-21,Completed,4296.50,0.00,4296.50,4296.50,KRW
O01641,C00441,CH0001,2026-05-22,Completed,701.90,39.50,662.40,662.40,KRW
O01642,C00442,CH0002,2026-05-23,Completed,3783.30,44.00,3739.30,3739.30,KRW
O01643,C00443,CH0003,2026-05-24,Completed,4762.70,48.50,4714.20,4714.20,KRW
O01644,C00444,CH0004,2026-05-25,Completed,779.60,62.37,717.23,717.23,KRW
O01645,C00445,CH0001,2026-05-26,Completed,4171.80,12.50,4159.30,4159.30,KRW
O01646,C00446,CH0002,2026-05-27,Completed,5228.90,17.00,5211.90,5211.90,KRW
O01647,C00447,CH0003,2026-05-28,Completed,857.30,21.50,835.80,835.80,KRW
O01648,C00448,CH0004,2026-05-29,Completed,4560.30,1185.68,3374.62,3374.62,KRW
O01649,C00449,CH0001,2026-05-30,Cancelled,2920.10,30.50,2889.60,2889.60,KRW
O01650,C00450,CH0002,2026-05-31,Completed,10.00,0.00,10.00,10.00,KRW
O01651,C00451,CH0003,2026-06-01,Completed,323.80,39.50,284.30,284.30,KRW
O01652,C00452,CH0004,2026-06-02,Completed,611.30,501.27,110.03,110.03,KRW
O01653,C00453,CH0001,2026-06-03,Completed,87.70,48.50,39.20,39.20,KRW
O01654,C00454,CH0002,2026-06-04,Completed,712.30,8.00,704.30,704.30,KRW
O01655,C00455,CH0003,2026-06-05,Completed,1077.50,0.00,1077.50,1077.50,KRW
O01656,C00456,CH0004,2026-06-06,Completed,165.40,28.12,137.28,137.28,KRW
O01657,C00457,CH0001,2026-06-07,Completed,1100.80,21.50,1079.30,1079.30,KRW
O01658,C00458,CH0002,2026-06-08,Completed,1543.70,26.00,1517.70,1517.70,KRW
O01659,C00459,CH0003,2026-06-09,Completed,243.10,49.00,194.10,194.10,KRW
O01660,C00460,CH0004,2026-06-10,Completed,1489.30,0.00,1489.30,1489.30,KRW
O01661,C00461,CH0001,2026-06-11,Completed,2009.90,39.50,1970.40,1970.40,KRW
O01662,C00462,CH0002,2026-06-12,Completed,320.80,44.00,276.80,276.80,KRW
O01663,C00463,CH0003,2026-06-13,Completed,1877.80,48.50,1829.30,1829.30,KRW
O01664,C00464,CH0004,2026-06-14,Completed,2476.10,198.09,2278.01,2278.01,KRW
O01665,C00465,CH0001,2026-06-15,Completed,398.50,0.00,398.50,398.50,KRW
O01666,C00466,CH0002,2026-06-16,Cancelled,2266.30,61.00,2205.30,2205.30,KRW
O01667,C00467,CH0003,2026-06-17,Completed,2942.30,6.50,2935.80,2935.80,KRW
O01668,C00468,CH0004,2026-06-18,Completed,476.20,52.38,423.82,423.82,KRW
O01669,C00469,CH0001,2026-06-19,Completed,2654.80,15.50,2639.30,2639.30,KRW
O01670,C00470,CH0002,2026-06-20,Completed,3408.50,0.00,3408.50,3408.50,KRW
O01671,C00471,CH0003,2026-06-21,Completed,553.90,24.50,529.40,529.40,KRW
O01672,C00472,CH0004,2026-06-22,Completed,3043.30,882.56,2160.74,2160.74,KRW
O01673,C00473,CH0001,2026-06-23,Completed,3874.70,58.00,3816.70,3816.70,KRW
O01674,C00474,CH0002,2026-06-24,Completed,631.60,38.00,593.60,593.60,KRW
O01675,C00475,CH0003,2026-06-25,Completed,3431.80,0.00,3431.80,3431.80,KRW
O01676,C00476,CH0004,2026-06-26,Completed,4340.90,2040.22,2300.68,2300.68,KRW
O01677,C00477,CH0001,2026-06-27,Completed,709.30,6.50,702.80,702.80,KRW
O01678,C00478,CH0002,2026-06-28,Completed,3820.30,11.00,3809.30,3809.30,KRW
O01679,C00479,CH0003,2026-06-29,Completed,4807.10,15.50,4791.60,4791.60,KRW
O01680,C00480,CH0004,2026-05-01,Completed,787.00,39.35,747.65,747.65,KRW
O01681,C00481,CH0001,2026-05-02,Completed,4208.80,24.50,4184.30,4184.30,KRW
O01682,C00482,CH0002,2026-05-03,Completed,3423.30,29.00,3394.30,3394.30,KRW
O01683,C00483,CH0003,2026-05-04,Cancelled,864.70,33.50,831.20,831.20,KRW
O01684,C00484,CH0004,2026-05-05,Completed,1822.30,692.47,1129.83,1129.83,KRW
O01685,C00485,CH0001,2026-05-06,Completed,2964.50,0.00,2964.50,2964.50,KRW
O01686,C00486,CH0002,2026-05-07,Completed,17.40,17.40,0.00,0.00,KRW
O01687,C00487,CH0003,2026-05-08,Completed,360.80,37.00,323.80,323.80,KRW
O01688,C00488,CH0004,2026-05-09,Completed,655.70,72.13,583.57,583.57,KRW
O01689,C00489,CH0001,2026-05-10,Completed,95.10,15.50,79.60,79.60,KRW
O01690,C00490,CH0002,2026-05-11,Completed,749.30,0.00,749.30,749.30,KRW
O01691,C00491,CH0003,2026-05-12,Completed,1121.90,24.50,1097.40,1097.40,KRW
O01692,C00492,CH0004,2026-05-13,Completed,172.80,50.11,122.69,122.69,KRW
O01693,C00493,CH0001,2026-05-14,Completed,1137.80,33.50,1104.30,1104.30,KRW
O01694,C00494,CH0002,2026-05-15,Completed,1588.10,49.00,1539.10,1539.10,KRW
O01695,C00495,CH0003,2026-05-16,Completed,250.50,0.00,250.50,250.50,KRW
O01696,C00496,CH0004,2026-05-17,Completed,1526.30,717.36,808.94,808.94,KRW
O01697,C00497,CH0001,2026-05-18,Completed,2054.30,6.50,2047.80,2047.80,KRW
O01698,C00498,CH0002,2026-05-19,Completed,328.20,11.00,317.20,317.20,KRW
O01699,C00499,CH0003,2026-05-20,Completed,1914.80,15.50,1899.30,1899.30,KRW
O01700,C00500,CH0004,2026-05-21,Cancelled,2520.50,0.00,2520.50,2520.50,KRW
O01701,C00501,CH0001,2026-05-22,Completed,405.90,61.00,344.90,344.90,KRW
O01702,C00502,CH0002,2026-05-23,Completed,2303.30,29.00,2274.30,2274.30,KRW
O01703,C00503,CH0003,2026-05-24,Completed,2986.70,33.50,2953.20,2953.20,KRW
O01704,C00504,CH0004,2026-05-25,Completed,483.60,183.77,299.83,299.83,KRW
O01705,C00505,CH0001,2026-05-26,Completed,2691.80,0.00,2691.80,2691.80,KRW
O01706,C00506,CH0002,2026-05-27,Completed,3452.90,47.00,3405.90,3405.90,KRW
O01707,C00507,CH0003,2026-05-28,Completed,561.30,6.50,554.80,554.80,KRW
O01708,C00508,CH0004,2026-05-29,Completed,3080.30,862.48,2217.82,2217.82,KRW
O01709,C00509,CH0001,2026-05-30,Completed,3919.10,15.50,3903.60,3903.60,KRW
O01710,C00510,CH0002,2026-05-31,Completed,639.00,0.00,639.00,639.00,KRW
O01711,C00511,CH0003,2026-06-01,Completed,3468.80,24.50,3444.30,3444.30,KRW
O01712,C00512,CH0004,2026-06-02,Completed,2905.30,842.54,2062.76,2062.76,KRW
O01713,C00513,CH0001,2026-06-03,Completed,716.70,33.50,683.20,683.20,KRW
O01714,C00514,CH0002,2026-06-04,Completed,1637.30,38.00,1599.30,1599.30,KRW
O01715,C00515,CH0003,2026-06-05,Completed,411.50,42.50,369.00,369.00,KRW
O01716,C00516,CH0004,2026-06-06,Completed,54.40,25.57,28.83,28.83,KRW
O01717,C00517,CH0001,2026-06-07,Cancelled,545.80,6.50,539.30,539.30,KRW
O01718,C00518,CH0002,2026-06-08,Completed,877.70,11.00,866.70,866.70,KRW
O01719,C00519,CH0003,2026-06-09,Completed,132.10,15.50,116.60,116.60,KRW
O01720,C00520,CH0004,2026-06-10,Completed,934.30,0.00,934.30,934.30,KRW
O01721,C00521,CH0001,2026-06-11,Completed,1343.90,24.50,1319.40,1319.40,KRW
O01722,C00522,CH0002,2026-06-12,Completed,209.80,52.00,157.80,157.80,KRW
O01723,C00523,CH0003,2026-06-13,Completed,1322.80,33.50,1289.30,1289.30,KRW
O01724,C00524,CH0004,2026-06-14,Completed,1810.10,687.84,1122.26,1122.26,KRW
O01725,C00525,CH0001,2026-06-15,Completed,287.50,0.00,287.50,287.50,KRW
O01726,C00526,CH0002,2026-06-16,Completed,1711.30,47.00,1664.30,1664.30,KRW
O01727,C00527,CH0003,2026-06-17,Completed,2276.30,6.50,2269.80,2269.80,KRW
O01728,C00528,CH0004,2026-06-18,Completed,365.20,40.17,325.03,325.03,KRW
O01729,C00529,CH0001,2026-06-19,Completed,2099.80,49.00,2050.80,2050.80,KRW
O01730,C00530,CH0002,2026-06-20,Completed,2742.50,0.00,2742.50,2742.50,KRW
O01731,C00531,CH0003,2026-06-21,Completed,442.90,24.50,418.40,418.40,KRW
O01732,C00532,CH0004,2026-06-22,Completed,2488.30,721.61,1766.69,1766.69,KRW
O01733,C00533,CH0001,2026-06-23,Completed,3208.70,33.50,3175.20,3175.20,KRW
O01734,C00534,CH0002,2026-06-24,Cancelled,520.60,38.00,482.60,482.60,KRW
O01735,C00535,CH0003,2026-06-25,Completed,2876.80,0.00,2876.80,2876.80,KRW
O01736,C00536,CH0004,2026-06-26,Completed,3674.90,2241.69,1433.21,1433.21,KRW
O01737,C00537,CH0001,2026-06-27,Completed,598.30,6.50,591.80,591.80,KRW
O01738,C00538,CH0002,2026-06-28,Completed,3265.30,11.00,3254.30,3254.30,KRW
O01739,C00539,CH0003,2026-06-29,Completed,4141.10,15.50,4125.60,4125.60,KRW
O01740,C00540,CH0004,2026-05-01,Completed,676.00,0.00,676.00,676.00,KRW
O01741,C00541,CH0001,2026-05-02,Completed,3653.80,24.50,3629.30,3629.30,KRW
O01742,C00542,CH0002,2026-05-03,Completed,4607.30,29.00,4578.30,4578.30,KRW
O01743,C00543,CH0003,2026-05-04,Completed,753.70,73.00,680.70,680.70,KRW
O01744,C00544,CH0004,2026-05-05,Completed,4042.30,1536.07,2506.23,2506.23,KRW
O01745,C00545,CH0001,2026-05-06,Completed,5073.50,0.00,5073.50,5073.50,KRW
O01746,C00546,CH0002,2026-05-07,Completed,831.40,47.00,784.40,784.40,KRW
O01747,C00547,CH0003,2026-05-08,Completed,4430.80,6.50,4424.30,4424.30,KRW
O01748,C00548,CH0004,2026-05-09,Completed,3689.70,405.87,3283.83,3283.83,KRW
O01749,C00549,CH0001,2026-05-10,Completed,909.10,15.50,893.60,893.60,KRW
O01750,C00550,CH0002,2026-05-11,Completed,194.30,20.00,174.30,174.30,KRW
O01751,C00551,CH0003,2026-05-12,Cancelled,455.90,24.50,431.40,431.40,KRW
O01752,C00552,CH0004,2026-05-13,Completed,61.80,17.92,43.88,43.88,KRW
O01753,C00553,CH0001,2026-05-14,Completed,582.80,33.50,549.30,549.30,KRW
O01754,C00554,CH0002,2026-05-15,Completed,922.10,38.00,884.10,884.10,KRW
O01755,C00555,CH0003,2026-05-16,Completed,139.50,0.00,139.50,139.50,KRW
O01756,C00556,CH0004,2026-05-17,Completed,971.30,456.51,514.79,514.79,KRW
O01757,C00557,CH0001,2026-05-18,Completed,1388.30,52.00,1336.30,1336.30,KRW
O01758,C00558,CH0002,2026-05-19,Completed,217.20,11.00,206.20,206.20,KRW
O01759,C00559,CH0003,2026-05-20,Completed,1359.80,15.50,1344.30,1344.30,KRW
O01760,C00560,CH0004,2026-05-21,Completed,1854.50,0.00,1854.50,1854.50,KRW
O01761,C00561,CH0001,2026-05-22,Completed,294.90,24.50,270.40,270.40,KRW
O01762,C00562,CH0002,2026-05-23,Completed,1748.30,29.00,1719.30,1719.30,KRW
O01763,C00563,CH0003,2026-05-24,Completed,2320.70,33.50,2287.20,2287.20,KRW
O01764,C00564,CH0004,2026-05-25,Completed,372.60,238.46,134.14,134.14,KRW
O01765,C00565,CH0001,2026-05-26,Completed,2136.80,0.00,2136.80,2136.80,KRW
O01766,C00566,CH0002,2026-05-27,Completed,2786.90,47.00,2739.90,2739.90,KRW
O01767,C00567,CH0003,2026-05-28,Completed,450.30,6.50,443.80,443.80,KRW
O01768,C00568,CH0004,2026-05-29,Cancelled,2525.30,277.78,2247.52,2247.52,KRW
O01769,C00569,CH0001,2026-05-30,Completed,3253.10,15.50,3237.60,3237.60,KRW
O01770,C00570,CH0002,2026-05-31,Completed,528.00,0.00,528.00,528.00,KRW
O01771,C00571,CH0003,2026-06-01,Completed,2913.80,31.00,2882.80,2882.80,KRW
O01772,C00572,CH0004,2026-06-02,Completed,3719.30,1078.60,2640.70,2640.70,KRW
O01773,C00573,CH0001,2026-06-03,Completed,605.70,33.50,572.20,572.20,KRW
O01774,C00574,CH0002,2026-06-04,Completed,3302.30,38.00,3264.30,3264.30,KRW
O01775,C00575,CH0003,2026-06-05,Completed,4185.50,0.00,4185.50,4185.50,KRW
O01776,C00576,CH0004,2026-06-06,Completed,683.40,321.20,362.20,362.20,KRW
O01777,C00577,CH0001,2026-06-07,Completed,3690.80,6.50,3684.30,3684.30,KRW
O01778,C00578,CH0002,2026-06-08,Completed,4651.70,43.00,4608.70,4608.70,KRW
O01779,C00579,CH0003,2026-06-09,Completed,761.10,15.50,745.60,745.60,KRW
O01780,C00580,CH0004,2026-06-10,Completed,4079.30,0.00,4079.30,4079.30,KRW
O01781,C00581,CH0001,2026-06-11,Completed,5117.90,24.50,5093.40,5093.40,KRW
O01782,C00582,CH0002,2026-06-12,Completed,838.80,29.00,809.80,809.80,KRW
O01783,C00583,CH0003,2026-06-13,Completed,4467.80,33.50,4434.30,4434.30,KRW
O01784,C00584,CH0004,2026-06-14,Completed,2809.10,1067.46,1741.64,1741.64,KRW
O01785,C00585,CH0001,2026-06-15,Cancelled,916.50,12.50,904.00,904.00,KRW
O01786,C00586,CH0002,2026-06-16,Completed,231.30,47.00,184.30,184.30,KRW
O01787,C00587,CH0003,2026-06-17,Completed,500.30,6.50,493.80,493.80,KRW
O01788,C00588,CH0004,2026-06-18,Completed,69.20,7.61,61.59,61.59,KRW
O01789,C00589,CH0001,2026-06-19,Completed,619.80,15.50,604.30,604.30,KRW
O01790,C00590,CH0002,2026-06-20,Completed,966.50,0.00,966.50,966.50,KRW
O01791,C00591,CH0003,2026-06-21,Completed,146.90,24.50,122.40,122.40,KRW
O01792,C00592,CH0004,2026-06-22,Completed,1008.30,675.56,332.74,332.74,KRW
O01793,C00593,CH0001,2026-06-23,Completed,1432.70,33.50,1399.20,1399.20,KRW
O01794,C00594,CH0002,2026-06-24,Completed,224.60,38.00,186.60,186.60,KRW
O01795,C00595,CH0003,2026-06-25,Completed,1396.80,0.00,1396.80,1396.80,KRW
O01796,C00596,CH0004,2026-06-26,Completed,1898.90,892.48,1006.42,1006.42,KRW
O01797,C00597,CH0001,2026-06-27,Completed,302.30,6.50,295.80,295.80,KRW
O01798,C00598,CH0002,2026-06-28,Completed,1785.30,11.00,1774.30,1774.30,KRW
O01799,C00599,CH0003,2026-06-29,Completed,2365.10,34.00,2331.10,2331.10,KRW
O01800,C00600,CH0004,2026-05-01,Completed,380.00,0.00,380.00,380.00,KRW
O01801,C00601,CH0001,2026-05-02,Completed,2173.80,24.50,2149.30,2149.30,KRW
O01802,C00602,CH0002,2026-05-03,Cancelled,2831.30,29.00,2802.30,2802.30,KRW
O01803,C00603,CH0003,2026-05-04,Completed,457.70,33.50,424.20,424.20,KRW
O01804,C00604,CH0004,2026-05-05,Completed,2562.30,973.67,1588.63,1588.63,KRW
O01805,C00605,CH0001,2026-05-06,Completed,3297.50,0.00,3297.50,3297.50,KRW
O01806,C00606,CH0002,2026-05-07,Completed,535.40,91.00,444.40,444.40,KRW
O01807,C00607,CH0003,2026-05-08,Completed,2950.80,6.50,2944.30,2944.30,KRW
O01808,C00608,CH0004,2026-05-09,Completed,3763.70,414.01,3349.69,3349.69,KRW
O01809,C00609,CH0001,2026-05-10,Completed,613.10,15.50,597.60,597.60,KRW
O01810,C00610,CH0002,2026-05-11,Completed,3339.30,0.00,3339.30,3339.30,KRW
O01811,C00611,CH0003,2026-05-12,Completed,4229.90,24.50,4205.40,4205.40,KRW
O01812,C00612,CH0004,2026-05-13,Completed,690.80,200.33,490.47,490.47,KRW
O01813,C00613,CH0001,2026-05-14,Completed,3727.80,58.00,3669.80,3669.80,KRW
O01814,C00614,CH0002,2026-05-15,Completed,4696.10,38.00,4658.10,4658.10,KRW
O01815,C00615,CH0003,2026-05-16,Completed,768.50,0.00,768.50,768.50,KRW
O01816,C00616,CH0004,2026-05-17,Completed,4116.30,1934.66,2181.64,2181.64,KRW
O01817,C00617,CH0001,2026-05-18,Completed,5162.30,6.50,5155.80,5155.80,KRW
O01818,C00618,CH0002,2026-05-19,Completed,846.20,11.00,835.20,835.20,KRW
O01819,C00619,CH0003,2026-05-20,Cancelled,4504.80,15.50,4489.30,4489.30,KRW
O01820,C00620,CH0004,2026-05-21,Completed,2853.50,998.72,1854.78,1854.78,KRW
O01821,C00621,CH0001,2026-05-22,Completed,923.90,24.50,899.40,899.40,KRW
O01822,C00622,CH0002,2026-05-23,Completed,268.30,29.00,239.30,239.30,KRW
O01823,C00623,CH0003,2026-05-24,Completed,544.70,33.50,511.20,511.20,KRW
O01824,C00624,CH0004,2026-05-25,Completed,76.60,29.11,47.49,47.49,KRW
O01825,C00625,CH0001,2026-05-26,Completed,656.80,0.00,656.80,656.80,KRW
O01826,C00626,CH0002,2026-05-27,Completed,1010.90,47.00,963.90,963.90,KRW
O01827,C00627,CH0003,2026-05-28,Completed,154.30,22.00,132.30,132.30,KRW
O01828,C00628,CH0004,2026-05-29,Completed,1045.30,114.98,930.32,930.32,KRW
O01829,C00629,CH0001,2026-05-30,Completed,1477.10,15.50,1461.60,1461.60,KRW
O01830,C00630,CH0002,2026-05-31,Completed,232.00,0.00,232.00,232.00,KRW
O01831,C00631,CH0003,2026-06-01,Completed,1433.80,24.50,1409.30,1409.30,KRW
O01832,C00632,CH0004,2026-06-02,Completed,1943.30,563.56,1379.74,1379.74,KRW
O01833,C00633,CH0001,2026-06-03,Completed,309.70,33.50,276.20,276.20,KRW
O01834,C00634,CH0002,2026-06-04,Completed,1822.30,79.00,1743.30,1743.30,KRW
O01835,C00635,CH0003,2026-06-05,Completed,2409.50,0.00,2409.50,2409.50,KRW
O01836,C00636,CH0004,2026-06-06,Cancelled,387.40,182.08,205.32,205.32,KRW
O01837,C00637,CH0001,2026-06-07,Completed,2210.80,6.50,2204.30,2204.30,KRW
O01838,C00638,CH0002,2026-06-08,Completed,2875.70,11.00,2864.70,2864.70,KRW
O01839,C00639,CH0003,2026-06-09,Completed,465.10,15.50,449.60,449.60,KRW
O01840,C00640,CH0004,2026-06-10,Completed,2599.30,0.00,2599.30,2599.30,KRW
O01841,C00641,CH0001,2026-06-11,Completed,3341.90,46.00,3295.90,3295.90,KRW
O01842,C00642,CH0002,2026-06-12,Completed,542.80,29.00,513.80,513.80,KRW
O01843,C00643,CH0003,2026-06-13,Completed,2987.80,33.50,2954.30,2954.30,KRW
O01844,C00644,CH0004,2026-06-14,Completed,3808.10,1447.08,2361.02,2361.02,KRW
O01845,C00645,CH0001,2026-06-15,Completed,620.50,0.00,620.50,620.50,KRW
O01846,C00646,CH0002,2026-06-16,Completed,3376.30,47.00,3329.30,3329.30,KRW
O01847,C00647,CH0003,2026-06-17,Completed,4274.30,6.50,4267.80,4267.80,KRW
O01848,C00648,CH0004,2026-06-18,Completed,698.20,404.96,293.24,293.24,KRW
O01849,C00649,CH0001,2026-06-19,Completed,3764.80,15.50,3749.30,3749.30,KRW
O01850,C00650,CH0002,2026-06-20,Completed,4740.50,0.00,4740.50,4740.50,KRW
O01851,C00651,CH0003,2026-06-21,Completed,775.90,24.50,751.40,751.40,KRW
O01852,C00652,CH0004,2026-06-22,Completed,4153.30,1204.46,2948.84,2948.84,KRW
O01853,C00653,CH0001,2026-06-23,Cancelled,5206.70,33.50,5173.20,5173.20,KRW
O01854,C00654,CH0002,2026-06-24,Completed,853.60,38.00,815.60,815.60,KRW
O01855,C00655,CH0003,2026-06-25,Completed,4541.80,27.50,4514.30,4514.30,KRW
O01856,C00656,CH0004,2026-06-26,Completed,2897.90,1362.01,1535.89,1535.89,KRW
O01857,C00657,CH0001,2026-06-27,Completed,931.30,6.50,924.80,924.80,KRW
O01858,C00658,CH0002,2026-06-28,Completed,305.30,11.00,294.30,294.30,KRW
O01859,C00659,CH0003,2026-06-29,Completed,589.10,15.50,573.60,573.60,KRW
O01860,C00660,CH0004,2026-05-01,Completed,84.00,0.00,84.00,84.00,KRW
O01861,C00661,CH0001,2026-05-02,Completed,693.80,24.50,669.30,669.30,KRW
O01862,C00662,CH0002,2026-05-03,Completed,1055.30,37.00,1018.30,1018.30,KRW
O01863,C00663,CH0003,2026-05-04,Completed,161.70,33.50,128.20,128.20,KRW
O01864,C00664,CH0004,2026-05-05,Completed,1082.30,411.27,671.03,671.03,KRW
O01865,C00665,CH0001,2026-05-06,Completed,1521.50,0.00,1521.50,1521.50,KRW
O01866,C00666,CH0002,2026-05-07,Completed,239.40,47.00,192.40,192.40,KRW
O01867,C00667,CH0003,2026-05-08,Completed,1470.80,6.50,1464.30,1464.30,KRW
O01868,C00668,CH0004,2026-05-09,Completed,1987.70,218.65,1769.05,1769.05,KRW
O01869,C00669,CH0001,2026-05-10,Completed,317.10,49.00,268.10,268.10,KRW
O01870,C00670,CH0002,2026-05-11,Cancelled,1859.30,0.00,1859.30,1859.30,KRW
O01871,C00671,CH0003,2026-05-12,Completed,2453.90,24.50,2429.40,2429.40,KRW
O01872,C00672,CH0004,2026-05-13,Completed,394.80,114.49,280.31,280.31,KRW
O01873,C00673,CH0001,2026-05-14,Completed,2247.80,33.50,2214.30,2214.30,KRW
O01874,C00674,CH0002,2026-05-15,Completed,2920.10,38.00,2882.10,2882.10,KRW
O01875,C00675,CH0003,2026-05-16,Completed,472.50,0.00,472.50,472.50,KRW
O01876,C00676,CH0004,2026-05-17,Completed,2636.30,1608.14,1028.16,1028.16,KRW
O01877,C00677,CH0001,2026-05-18,Completed,3386.30,6.50,3379.80,3379.80,KRW
O01878,C00678,CH0002,2026-05-19,Completed,550.20,11.00,539.20,539.20,KRW
O01879,C00679,CH0003,2026-05-20,Completed,3024.80,15.50,3009.30,3009.30,KRW
O01880,C00680,CH0004,2026-05-21,Completed,3852.50,0.00,3852.50,3852.50,KRW
O01881,C00681,CH0001,2026-05-22,Completed,627.90,24.50,603.40,603.40,KRW
O01882,C00682,CH0002,2026-05-23,Completed,3413.30,29.00,3384.30,3384.30,KRW
O01883,C00683,CH0003,2026-05-24,Completed,2838.70,73.00,2765.70,2765.70,KRW
O01884,C00684,CH0004,2026-05-25,Completed,705.60,268.13,437.47,437.47,KRW
O01885,C00685,CH0001,2026-05-26,Completed,1581.80,0.00,1581.80,1581.80,KRW
O01886,C00686,CH0002,2026-05-27,Completed,344.90,47.00,297.90,297.90,KRW
O01887,C00687,CH0003,2026-05-28,Cancelled,43.30,6.50,36.80,36.80,KRW
O01888,C00688,CH0004,2026-05-29,Completed,490.30,53.93,436.37,436.37,KRW
O01889,C00689,CH0001,2026-05-30,Completed,811.10,15.50,795.60,795.60,KRW
O01890,C00690,CH0002,2026-05-31,Completed,121.00,20.00,101.00,101.00,KRW
O01891,C00691,CH0003,2026-06-01,Completed,293.80,24.50,269.30,269.30,KRW
O01892,C00692,CH0004,2026-06-02,Completed,1277.30,370.42,906.88,906.88,KRW
O01893,C00693,CH0001,2026-06-03,Completed,198.70,33.50,165.20,165.20,KRW
O01894,C00694,CH0002,2026-06-04,Completed,1267.30,38.00,1229.30,1229.30,KRW
O01895,C00695,CH0003,2026-06-05,Completed,1743.50,0.00,1743.50,1743.50,KRW
O01896,C00696,CH0004,2026-06-06,Completed,276.40,129.91,146.49,146.49,KRW
O01897,C00697,CH0001,2026-06-07,Completed,1655.80,52.00,1603.80,1603.80,KRW
O01898,C00698,CH0002,2026-06-08,Completed,2209.70,11.00,2198.70,2198.70,KRW
O01899,C00699,CH0003,2026-06-09,Completed,354.10,15.50,338.60,338.60,KRW
O01900,C00700,CH0004,2026-06-10,Completed,2044.30,0.00,2044.30,2044.30,KRW
O01901,C00701,CH0001,2026-06-11,Completed,2675.90,24.50,2651.40,2651.40,KRW
O01902,C00702,CH0002,2026-06-12,Completed,431.80,29.00,402.80,402.80,KRW
O01903,C00703,CH0003,2026-06-13,Completed,2432.80,33.50,2399.30,2399.30,KRW
O01904,C00704,CH0004,2026-06-14,Cancelled,3142.10,2010.94,1131.16,1131.16,KRW
O01905,C00705,CH0001,2026-06-15,Completed,509.50,0.00,509.50,509.50,KRW
O01906,C00706,CH0002,2026-06-16,Completed,2821.30,47.00,2774.30,2774.30,KRW
O01907,C00707,CH0003,2026-06-17,Completed,3608.30,6.50,3601.80,3601.80,KRW
O01908,C00708,CH0004,2026-06-18,Completed,587.20,64.59,522.61,522.61,KRW
O01909,C00709,CH0001,2026-06-19,Completed,3209.80,15.50,3194.30,3194.30,KRW
O01910,C00710,CH0002,2026-06-20,Completed,4074.50,0.00,4074.50,4074.50,KRW
O01911,C00711,CH0003,2026-06-21,Completed,664.90,61.00,603.90,603.90,KRW
O01912,C00712,CH0004,2026-06-22,Completed,3598.30,1043.51,2554.79,2554.79,KRW
O01913,C00713,CH0001,2026-06-23,Completed,4540.70,33.50,4507.20,4507.20,KRW
O01914,C00714,CH0002,2026-06-24,Completed,742.60,38.00,704.60,704.60,KRW
O01915,C00715,CH0003,2026-06-25,Completed,3986.80,0.00,3986.80,3986.80,KRW
O01916,C00716,CH0004,2026-06-26,Completed,5006.90,2353.24,2653.66,2653.66,KRW
O01917,C00717,CH0001,2026-06-27,Completed,820.30,6.50,813.80,813.80,KRW
O01918,C00718,CH0002,2026-06-28,Completed,4375.30,28.00,4347.30,4347.30,KRW
O01919,C00719,CH0003,2026-06-29,Completed,3623.10,15.50,3607.60,3607.60,KRW
O01920,C00720,CH0004,2026-05-01,Completed,898.00,0.00,898.00,898.00,KRW
O01921,C00721,CH0001,2026-05-02,Cancelled,1988.80,24.50,1964.30,1964.30,KRW
O01922,C00722,CH0002,2026-05-03,Completed,389.30,29.00,360.30,360.30,KRW
O01923,C00723,CH0003,2026-05-04,Completed,50.70,33.50,17.20,17.20,KRW
O01924,C00724,CH0004,2026-05-05,Completed,527.30,200.37,326.93,326.93,KRW
O01925,C00725,CH0001,2026-05-06,Completed,855.50,42.50,813.00,813.00,KRW
O01926,C00726,CH0002,2026-05-07,Completed,128.40,47.00,81.40,81.40,KRW
O01927,C00727,CH0003,2026-05-08,Completed,915.80,6.50,909.30,909.30,KRW
O01928,C00728,CH0004,2026-05-09,Completed,1321.70,145.39,1176.31,1176.31,KRW
O01929,C00729,CH0001,2026-05-10,Completed,206.10,15.50,190.60,190.60,KRW
O01930,C00730,CH0002,2026-05-11,Completed,1304.30,0.00,1304.30,1304.30,KRW
O01931,C00731,CH0003,2026-05-12,Completed,1787.90,24.50,1763.40,1763.40,KRW
O01932,C00732,CH0004,2026-05-13,Completed,283.80,147.58,136.22,136.22,KRW
O01933,C00733,CH0001,2026-05-14,Completed,1692.80,33.50,1659.30,1659.30,KRW
O01934,C00734,CH0002,2026-05-15,Completed,2254.10,38.00,2216.10,2216.10,KRW
O01935,C00735,CH0003,2026-05-16,Completed,361.50,0.00,361.50,361.50,KRW
O01936,C00736,CH0004,2026-05-17,Completed,2081.30,978.21,1103.09,1103.09,KRW
O01937,C00737,CH0001,2026-05-18,Completed,2720.30,6.50,2713.80,2713.80,KRW
O01938,C00738,CH0002,2026-05-19,Cancelled,439.20,11.00,428.20,428.20,KRW
O01939,C00739,CH0003,2026-05-20,Completed,2469.80,64.00,2405.80,2405.80,KRW
O01940,C00740,CH0004,2026-05-21,Completed,3186.50,0.00,3186.50,3186.50,KRW
O01941,C00741,CH0001,2026-05-22,Completed,516.90,24.50,492.40,492.40,KRW
O01942,C00742,CH0002,2026-05-23,Completed,2858.30,29.00,2829.30,2829.30,KRW
O01943,C00743,CH0003,2026-05-24,Completed,3652.70,33.50,3619.20,3619.20,KRW
O01944,C00744,CH0004,2026-05-25,Completed,594.60,225.95,368.65,368.65,KRW
O01945,C00745,CH0001,2026-05-26,Completed,3246.80,0.00,3246.80,3246.80,KRW
O01946,C00746,CH0002,2026-05-27,Completed,4118.90,76.00,4042.90,4042.90,KRW
O01947,C00747,CH0003,2026-05-28,Completed,672.30,6.50,665.80,665.80,KRW
O01948,C00748,CH0004,2026-05-29,Completed,3635.30,399.88,3235.42,3235.42,KRW
O01949,C00749,CH0001,2026-05-30,Completed,4585.10,15.50,4569.60,4569.60,KRW
O01950,C00750,CH0002,2026-05-31,Completed,750.00,0.00,750.00,750.00,KRW
O01951,C00751,CH0003,2026-06-01,Completed,4023.80,24.50,3999.30,3999.30,KRW
O01952,C00752,CH0004,2026-06-02,Completed,5051.30,1464.88,3586.42,3586.42,KRW
O01953,C00753,CH0001,2026-06-03,Completed,827.70,43.00,784.70,784.70,KRW
O01954,C00754,CH0002,2026-06-04,Completed,4412.30,38.00,4374.30,4374.30,KRW
O01955,C00755,CH0003,2026-06-05,Cancelled,3667.50,0.00,3667.50,3667.50,KRW
O01956,C00756,CH0004,2026-06-06,Completed,905.40,425.54,479.86,479.86,KRW
O01957,C00757,CH0001,2026-06-07,Completed,2025.80,6.50,2019.30,2019.30,KRW
O01958,C00758,CH0002,2026-06-08,Completed,433.70,11.00,422.70,422.70,KRW
O01959,C00759,CH0003,2026-06-09,Completed,58.10,15.50,42.60,42.60,KRW
O01960,C00760,CH0004,2026-06-10,Completed,564.30,197.50,366.80,366.80,KRW
O01961,C00761,CH0001,2026-06-11,Completed,899.90,24.50,875.40,875.40,KRW
O01962,C00762,CH0002,2026-06-12,Completed,135.80,29.00,106.80,106.80,KRW
O01963,C00763,CH0003,2026-06-13,Completed,952.80,33.50,919.30,919.30,KRW
O01964,C00764,CH0004,2026-06-14,Completed,1366.10,519.12,846.98,846.98,KRW
O01965,C00765,CH0001,2026-06-15,Completed,213.50,0.00,213.50,213.50,KRW
O01966,C00766,CH0002,2026-06-16,Completed,1341.30,47.00,1294.30,1294.30,KRW
O01967,C00767,CH0003,2026-06-17,Completed,1832.30,22.00,1810.30,1810.30,KRW
O01968,C00768,CH0004,2026-06-18,Completed,291.20,32.03,259.17,259.17,KRW
O01969,C00769,CH0001,2026-06-19,Completed,1729.80,15.50,1714.30,1714.30,KRW
O01970,C00770,CH0002,2026-06-20,Completed,2298.50,0.00,2298.50,2298.50,KRW
O01971,C00771,CH0003,2026-06-21,Completed,368.90,24.50,344.40,344.40,KRW
O01972,C00772,CH0004,2026-06-22,Cancelled,2118.30,614.31,1503.99,1503.99,KRW
O01973,C00773,CH0001,2026-06-23,Completed,2764.70,33.50,2731.20,2731.20,KRW
O01974,C00774,CH0002,2026-06-24,Completed,446.60,79.00,367.60,367.60,KRW
O01975,C00775,CH0003,2026-06-25,Completed,2506.80,0.00,2506.80,2506.80,KRW
O01976,C00776,CH0004,2026-06-26,Completed,3230.90,1518.52,1712.38,1712.38,KRW
O01977,C00777,CH0001,2026-06-27,Completed,524.30,6.50,517.80,517.80,KRW
O01978,C00778,CH0002,2026-06-28,Completed,2895.30,11.00,2884.30,2884.30,KRW
O01979,C00779,CH0003,2026-06-29,Completed,3697.10,15.50,3681.60,3681.60,KRW
O01980,C00780,CH0004,2026-05-01,Completed,602.00,0.00,602.00,602.00,KRW
O01981,C00781,CH0001,2026-05-02,Completed,3283.80,46.00,3237.80,3237.80,KRW
O01982,C00782,CH0002,2026-05-03,Completed,4163.30,29.00,4134.30,4134.30,KRW
O01983,C00783,CH0003,2026-05-04,Completed,679.70,33.50,646.20,646.20,KRW
O01984,C00784,CH0004,2026-05-05,Completed,3672.30,1395.47,2276.83,2276.83,KRW
O01985,C00785,CH0001,2026-05-06,Completed,4629.50,0.00,4629.50,4629.50,KRW
O01986,C00786,CH0002,2026-05-07,Completed,757.40,47.00,710.40,710.40,KRW
O01987,C00787,CH0003,2026-05-08,Completed,4060.80,6.50,4054.30,4054.30,KRW
O01988,C00788,CH0004,2026-05-09,Completed,5095.70,2955.51,2140.19,2140.19,KRW
O01989,C00789,CH0001,2026-05-10,Cancelled,835.10,15.50,819.60,819.60,KRW
O01990,C00790,CH0002,2026-05-11,Completed,4449.30,0.00,4449.30,4449.30,KRW
O01991,C00791,CH0003,2026-05-12,Completed,2786.90,24.50,2762.40,2762.40,KRW
O01992,C00792,CH0004,2026-05-13,Completed,912.80,264.71,648.09,648.09,KRW
O01993,C00793,CH0001,2026-05-14,Completed,212.80,33.50,179.30,179.30,KRW
O01994,C00794,CH0002,2026-05-15,Completed,478.10,38.00,440.10,440.10,KRW
O01995,C00795,CH0003,2026-05-16,Completed,65.50,27.50,38.00,38.00,KRW
O01996,C00796,CH0004,2026-05-17,Completed,601.30,282.61,318.69,318.69,KRW
O01997,C00797,CH0001,2026-05-18,Completed,944.30,6.50,937.80,937.80,KRW
O01998,C00798,CH0002,2026-05-19,Completed,143.20,11.00,132.20,132.20,KRW
O01999,C00799,CH0003,2026-05-20,Completed,989.80,15.50,974.30,974.30,KRW
O02000,C00800,CH0004,2026-05-21,Completed,1410.50,0.00,1410.50,1410.50,KRW
O09001,C00010,CH0002,2026-05-16,Completed,57.00,0.00,57.00,57.00,KRW
O09002,C00003,CH0003,2026-05-16,Completed,32.20,0.00,32.20,32.20,KRW
O09003,C00008,CH0001,2026-05-17,Completed,13.70,0.00,13.70,13.70,KRW
