payment_id,order_id,payment_status,approved_amount,approved_at
PAY00001,O00001,Success,1027.32,2026-05-01T00:07:00+09:00
PAY00002,O00002,RetrySuccess,1931.32,2026-05-01T00:14:00+09:00
PAY00003,O00003,Failed,0.00,2026-05-01T00:21:00+09:00
PAY00004,O00004,Failed,0.00,2026-05-01T00:28:00+09:00
PAY00005,O00005,Failed,0.00,2026-05-01T00:35:00+09:00
PAY00006,O00006,Success,1761.84,2026-05-01T00:42:00+09:00
PAY00007,O00007,Failed,0.00,2026-05-01T00:49:00+09:00
PAY00008,O00008,Failed,0.00,2026-05-01T00:56:00+09:00
PAY00009,O00009,Failed,0.00,2026-05-01T01:03:00+09:00
PAY00010,O00010,Success,445.22,2026-05-01T01:10:00+09:00
PAY00011,O00011,Success,786.28,2026-05-01T01:17:00+09:00
PAY00012,O00012,Failed,0.00,2026-05-01T01:24:00+09:00
PAY00013,O00013,RetrySuccess,1718.46,2026-05-01T01:31:00+09:00
PAY00014,O00014,Success,1140.86,2026-05-01T01:38:00+09:00
PAY00015,O00015,Success,2306.83,2026-05-01T01:45:00+09:00
PAY00016,O00016,Failed,0.00,2026-05-01T01:52:00+09:00
PAY00017,O00017,Failed,0.00,2026-05-01T01:59:00+09:00
PAY00018,O00018,RetrySuccess,741.30,2026-05-01T02:06:00+09:00
PAY00019,O00019,,5161.17,2026-05-01T02:13:00+09:00
PAY00020,O00020,Success,234.26,2026-05-01T02:20:00+09:00
PAY00021,O00021,Failed,0.00,2026-05-01T02:27:00+09:00
PAY00022,O00022,Success,3224.34,2026-05-01T02:34:00+09:00
PAY00023,O00023,Failed,0.00,2026-05-01T02:41:00+09:00
PAY00024,O00024,Failed,0.00,2026-05-01T02:48:00+09:00
PAY00025,O00025,RetrySuccess,441.25,2026-05-01T02:55:00+09:00
PAY00026,O00026,Success,1781.23,2026-05-01T03:02:00+09:00
PAY00027,O00027,Success,1332.42,2026-05-01T03:09:00+09:00
PAY00028,O00028,RetrySuccess,913.92,2026-05-01T03:16:00+09:00
PAY00029,O00029,RetrySuccess,1813.19,2026-05-01T03:23:00+09:00
PAY00030,O00030,RetrySuccess,538.06,2026-05-01T03:30:00+09:00
PAY00031,O00031,Failed,0.00,2026-05-01T03:37:00+09:00
PAY00032,O00032,RetrySuccess,2026.44,2026-05-01T03:44:00+09:00
PAY00033,O00033,Success,1562.28,2026-05-01T03:51:00+09:00
PAY00034,O00034,Success,2386.11,2026-05-01T03:58:00+09:00
PAY00035,O00035,RetrySuccess,1769.07,2026-05-01T04:05:00+09:00
PAY00036,O00036,Success,1667.63,2026-05-01T04:12:00+09:00
PAY00037,O00037,Success,320.01,2026-05-01T04:19:00+09:00
PAY00038,O00038,Failed,0.00,2026-05-01T04:26:00+09:00
PAY00039,O00039,Failed,0.00,2026-05-01T04:33:00+09:00
PAY00040,O00040,RetrySuccess,4545.44,2026-05-01T04:40:00+09:00
PAY00041,O00041,Success,2516.96,2026-05-01T04:47:00+09:00
PAY00042,O00042,Failed,0.00,2026-05-01T04:54:00+09:00
PAY00043,O00043,Success,5361.61,2026-05-01T05:01:00+09:00
PAY00044,O00044,RetrySuccess,562.53,2026-05-01T05:08:00+09:00
PAY00045,O00045,RetrySuccess,2275.02,2026-05-01T05:15:00+09:00
PAY00046,O00046,Success,1370.44,2026-05-01T05:22:00+09:00
PAY00047,O00047,Success,3867.22,2026-05-01T05:29:00+09:00
PAY00048,O00048,Failed,0.00,2026-05-01T05:36:00+09:00
PAY00049,O00049,Failed,0.00,2026-05-01T05:43:00+09:00
PAY00050,O00050,Success,114.74,2026-05-01T05:50:00+09:00
PAY00051,O00051,RetrySuccess,1119.58,2026-05-01T05:57:00+09:00
PAY00052,O00052,Success,1042.79,2026-05-01T06:04:00+09:00
PAY00053,O00053,RetrySuccess,1929.20,2026-05-01T06:11:00+09:00
PAY00054,O00054,Failed,0.00,2026-05-01T06:18:00+09:00
PAY00055,O00055,Success,654.89,2026-05-01T06:25:00+09:00
PAY00056,O00056,Success,2289.84,2026-05-01T06:32:00+09:00
PAY00057,O00057,Failed,0.00,2026-05-01T06:39:00+09:00
PAY00058,O00058,Failed,0.00,2026-05-01T06:46:00+09:00
PAY00059,O00059,Success,2526.30,2026-05-01T06:53:00+09:00
PAY00060,O00060,Success,2183.60,2026-05-01T07:00:00+09:00
PAY00061,O00061,RetrySuccess,902.91,2026-05-01T07:07:00+09:00
PAY00062,O00062,Success,2151.55,2026-05-01T07:14:00+09:00
PAY00063,O00063,Failed,0.00,2026-05-01T07:21:00+09:00
PAY00064,O00064,Success,1002.29,2026-05-01T07:28:00+09:00
PAY00065,O00065,Success,2665.44,2026-05-01T07:35:00+09:00
PAY00066,O00066,Success,451.39,2026-05-01T07:42:00+09:00
PAY00067,O00067,Failed,0.00,2026-05-01T07:49:00+09:00
PAY00068,O00068,Success,510.03,2026-05-01T07:56:00+09:00
PAY00069,O00069,Failed,0.00,2026-05-01T08:03:00+09:00
PAY00070,O00070,Success,1461.13,2026-05-01T08:10:00+09:00
PAY00071,O00071,Failed,0.00,2026-05-01T08:17:00+09:00
PAY00072,O00072,Failed,0.00,2026-05-01T08:24:00+09:00
PAY00073,O00073,RetrySuccess,63.26,2026-05-01T08:31:00+09:00
PAY00074,O00074,RetrySuccess,573.83,2026-05-01T08:38:00+09:00
PAY00075,O00075,Success,556.40,2026-05-01T08:45:00+09:00
PAY00076,O00076,Success,3123.09,2026-05-01T08:52:00+09:00
PAY00077,O00077,Success,1955.20,2026-05-01T08:59:00+09:00
PAY00078,O00078,RetrySuccess,1847.07,2026-05-01T09:06:00+09:00
PAY00079,O00079,Failed,0.00,2026-05-01T09:13:00+09:00
PAY00080,O00080,RetrySuccess,1446.98,2026-05-01T09:20:00+09:00
PAY00081,O00081,Success,3067.23,2026-05-01T09:27:00+09:00
PAY00082,O00082,RetrySuccess,3769.55,2026-05-01T09:34:00+09:00
PAY00083,O00083,Failed,0.00,2026-05-01T09:41:00+09:00
PAY00084,O00084,RetrySuccess,1819.20,2026-05-01T09:48:00+09:00
PAY00085,O00085,Failed,0.00,2026-05-01T09:55:00+09:00
PAY00086,O00086,Failed,0.00,2026-05-01T10:02:00+09:00
PAY00087,O00087,RetrySuccess,35.45,2026-05-01T10:09:00+09:00
PAY00088,O00088,Success,1088.28,2026-05-01T10:16:00+09:00
PAY00089,O00089,Success,2911.36,2026-05-01T10:23:00+09:00
PAY00090,O00090,RetrySuccess,2124.35,2026-05-01T10:30:00+09:00
PAY00091,O00091,RetrySuccess,848.78,2026-05-01T10:37:00+09:00
PAY00092,O00092,RetrySuccess,1304.33,2026-05-01T10:44:00+09:00
PAY00093,O00093,RetrySuccess,3138.75,2026-05-01T10:51:00+09:00
PAY00094,O00094,Failed,0.00,2026-05-01T10:58:00+09:00
PAY00095,O00095,Failed,0.00,2026-05-01T11:05:00+09:00
PAY00096,O00096,Success,1577.76,2026-05-01T11:12:00+09:00
PAY00097,O00097,Failed,0.00,2026-05-01T11:19:00+09:00
PAY00098,O00098,Failed,0.00,2026-05-01T11:26:00+09:00
PAY00099,O00099,Success,1472.70,2026-05-01T11:33:00+09:00
PAY00100,O00100,Failed,0.00,2026-05-01T11:40:00+09:00
PAY00101,O00101,Failed,0.00,2026-05-01T11:47:00+09:00
PAY00102,O00102,Success,152.68,2026-05-01T11:54:00+09:00
PAY00103,O00103,Failed,0.00,2026-05-01T12:01:00+09:00
PAY00104,O00104,Success,1660.65,2026-05-01T12:08:00+09:00
PAY00105,O00105,Success,2221.83,2026-05-01T12:15:00+09:00
PAY00106,O00106,Failed,0.00,2026-05-01T12:22:00+09:00
PAY00107,O00107,Failed,0.00,2026-05-01T12:29:00+09:00
PAY00108,O00108,RetrySuccess,4174.80,2026-05-01T12:36:00+09:00
PAY00109,O00109,RetrySuccess,2560.61,2026-05-01T12:43:00+09:00
PAY00110,O00110,Failed,0.00,2026-05-01T12:50:00+09:00
PAY00111,O00111,Failed,0.00,2026-05-01T12:57:00+09:00
PAY00112,O00112,Failed,0.00,2026-05-01T13:04:00+09:00
PAY00113,O00113,Failed,0.00,2026-05-01T13:11:00+09:00
PAY00114,O00114,Failed,0.00,2026-05-01T13:18:00+09:00
PAY00115,O00115,Success,587.87,2026-05-01T13:25:00+09:00
PAY00116,O00116,Success,2325.14,2026-05-01T13:32:00+09:00
PAY00117,O00117,Success,615.48,2026-05-01T13:39:00+09:00
PAY00118,O00118,Success,2951.25,2026-05-01T13:46:00+09:00
PAY00119,O00119,RetrySuccess,780.34,2026-05-01T13:53:00+09:00
PAY00120,O00120,Success,3483.39,2026-05-01T14:00:00+09:00
PAY00121,O00121,Failed,0.00,2026-05-01T14:07:00+09:00
PAY00122,O00122,Failed,0.00,2026-05-01T14:14:00+09:00
PAY00123,O00123,RetrySuccess,1092.33,2026-05-01T14:21:00+09:00
PAY00124,O00124,Failed,0.00,2026-05-01T14:28:00+09:00
PAY00125,O00125,Success,1096.95,2026-05-01T14:35:00+09:00
PAY00126,O00126,RetrySuccess,292.50,2026-05-01T14:42:00+09:00
PAY00127,O00127,Failed,0.00,2026-05-01T14:49:00+09:00
PAY00128,O00128,Success,751.21,2026-05-01T14:56:00+09:00
PAY00129,O00129,Success,1031.07,2026-05-01T15:03:00+09:00
PAY00130,O00130,Failed,0.00,2026-05-01T15:10:00+09:00
PAY00131,O00131,Failed,0.00,2026-05-01T15:17:00+09:00
PAY00132,O00132,Failed,0.00,2026-05-01T15:24:00+09:00
PAY00133,O00133,Success,2606.66,2026-05-01T15:31:00+09:00
PAY00134,O00134,Failed,0.00,2026-05-01T15:38:00+09:00
PAY00135,O00135,Failed,0.00,2026-05-01T15:45:00+09:00
PAY00136,O00136,RetrySuccess,758.70,2026-05-01T15:52:00+09:00
PAY00137,O00137,Failed,0.00,2026-05-01T15:59:00+09:00
PAY00138,O00138,RetrySuccess,3015.49,2026-05-01T16:06:00+09:00
PAY00139,O00139,RetrySuccess,2594.36,2026-05-01T16:13:00+09:00
PAY00140,O00140,Failed,0.00,2026-05-01T16:20:00+09:00
PAY00141,O00141,Failed,0.00,2026-05-01T16:27:00+09:00
PAY00142,O00142,Failed,0.00,2026-05-01T16:34:00+09:00
PAY00143,O00143,Failed,0.00,2026-05-01T16:41:00+09:00
PAY00144,O00144,Failed,0.00,2026-05-01T16:48:00+09:00
PAY00145,O00145,Failed,0.00,2026-05-01T16:55:00+09:00
PAY00146,O00146,Success,2523.11,2026-05-01T17:02:00+09:00
PAY00147,O00147,Failed,0.00,2026-05-01T17:09:00+09:00
PAY00148,O00148,Success,1330.56,2026-05-01T17:16:00+09:00
PAY00149,O00149,RetrySuccess,618.73,2026-05-01T17:23:00+09:00
PAY00150,O00150,Failed,0.00,2026-05-01T17:30:00+09:00
PAY00151,O00151,Success,3176.90,2026-05-01T17:37:00+09:00
PAY00152,O00152,Failed,0.00,2026-05-01T17:44:00+09:00
PAY00153,O00153,Failed,0.00,2026-05-01T17:51:00+09:00
PAY00154,O00154,Failed,0.00,2026-05-01T17:58:00+09:00
PAY00155,O00155,Failed,0.00,2026-05-01T18:05:00+09:00
PAY00156,O00156,RetrySuccess,1223.04,2026-05-01T18:12:00+09:00
PAY00157,O00157,RetrySuccess,3926.87,2026-05-01T18:19:00+09:00
PAY00158,O00158,RetrySuccess,592.23,2026-05-01T18:26:00+09:00
PAY00159,O00159,Success,1830.20,2026-05-01T18:33:00+09:00
PAY00160,O00160,Failed,0.00,2026-05-01T18:40:00+09:00
PAY00161,O00161,Failed,0.00,2026-05-01T18:47:00+09:00
PAY00162,O00162,Success,1495.24,2026-05-01T18:54:00+09:00
PAY00163,O00163,Failed,0.00,2026-05-01T19:01:00+09:00
PAY00164,O00164,Failed,0.00,2026-05-01T19:08:00+09:00
PAY00165,O00165,Success,134.93,2026-05-01T19:15:00+09:00
PAY00166,O00166,Success,1093.35,2026-05-01T19:22:00+09:00
PAY00167,O00167,RetrySuccess,168.95,2026-05-01T19:29:00+09:00
PAY00168,O00168,Success,1415.08,2026-05-01T19:36:00+09:00
PAY00169,O00169,Failed,0.00,2026-05-01T19:43:00+09:00
PAY00170,O00170,Success,2752.64,2026-05-01T19:50:00+09:00
PAY00171,O00171,Failed,0.00,2026-05-01T19:57:00+09:00
PAY00172,O00172,RetrySuccess,294.03,2026-05-01T20:04:00+09:00
PAY00173,O00173,Failed,0.00,2026-05-01T20:11:00+09:00
PAY00174,O00174,Failed,0.00,2026-05-01T20:18:00+09:00
PAY00175,O00175,Success,5481.28,2026-05-01T20:25:00+09:00
PAY00176,O00176,Failed,0.00,2026-05-01T20:32:00+09:00
PAY00177,O00177,Success,491.23,2026-05-01T20:39:00+09:00
PAY00178,O00178,Success,760.38,2026-05-01T20:46:00+09:00
PAY00179,O00179,Success,400.73,2026-05-01T20:53:00+09:00
PAY00180,O00180,Success,182.52,2026-05-01T21:00:00+09:00
PAY00181,O00181,Success,1541.05,2026-05-01T21:07:00+09:00
PAY00182,O00182,Failed,0.00,2026-05-01T21:14:00+09:00
PAY00183,O00183,Success,915.40,2026-05-01T21:21:00+09:00
PAY00184,O00184,Failed,0.00,2026-05-01T21:28:00+09:00
PAY00185,O00185,RetrySuccess,2232.40,2026-05-01T21:35:00+09:00
PAY00186,O00186,Success,1487.12,2026-05-01T21:42:00+09:00
PAY00187,O00187,Failed,0.00,2026-05-01T21:49:00+09:00
PAY00188,O00188,RetrySuccess,150.33,2026-05-01T21:56:00+09:00
PAY00189,O00189,Failed,0.00,2026-05-01T22:03:00+09:00
PAY00190,O00190,Success,859.25,2026-05-01T22:10:00+09:00
PAY00191,O00191,RetrySuccess,1368.41,2026-05-01T22:17:00+09:00
PAY00192,O00192,RetrySuccess,1786.90,2026-05-01T22:24:00+09:00
PAY00193,O00193,Success,1406.80,2026-05-01T22:31:00+09:00
PAY00194,O00194,Failed,0.00,2026-05-01T22:38:00+09:00
PAY00195,O00195,Failed,0.00,2026-05-01T22:45:00+09:00
PAY00196,O00196,Failed,0.00,2026-05-01T22:52:00+09:00
PAY00197,O00197,RetrySuccess,2672.07,2026-05-01T22:59:00+09:00
PAY00198,O00198,Failed,0.00,2026-05-01T23:06:00+09:00
PAY00199,O00199,Failed,0.00,2026-05-01T23:13:00+09:00
PAY00200,O00200,Success,2125.61,2026-05-01T23:20:00+09:00
PAY00201,O00201,Failed,0.00,2026-05-01T23:27:00+09:00
PAY00202,O00202,RetrySuccess,2073.41,2026-05-01T23:34:00+09:00
PAY00203,O00203,RetrySuccess,1369.63,2026-05-01T23:41:00+09:00
PAY00204,O00204,Success,553.62,2026-05-01T23:48:00+09:00
PAY00205,O00205,Success,1276.11,2026-05-01T23:55:00+09:00
PAY00206,O00206,Success,1999.75,2026-05-02T00:02:00+09:00
PAY00207,O00207,RetrySuccess,1123.60,2026-05-02T00:09:00+09:00
PAY00208,O00208,Success,1604.51,2026-05-02T00:16:00+09:00
PAY00209,O00209,RetrySuccess,72.54,2026-05-02T00:23:00+09:00
PAY00210,O00210,Success,2980.61,2026-05-02T00:30:00+09:00
PAY00211,O00211,RetrySuccess,725.24,2026-05-02T00:37:00+09:00
PAY00212,O00212,Failed,0.00,2026-05-02T00:44:00+09:00
PAY00213,O00213,RetrySuccess,3975.72,2026-05-02T00:51:00+09:00
PAY00214,O00214,RetrySuccess,2961.79,2026-05-02T00:58:00+09:00
PAY00215,O00215,Failed,0.00,2026-05-02T01:05:00+09:00
PAY00216,O00216,Success,1611.97,2026-05-02T01:12:00+09:00
PAY00217,O00217,RetrySuccess,2254.09,2026-05-02T01:19:00+09:00
PAY00218,O00218,Failed,0.00,2026-05-02T01:26:00+09:00
PAY00219,O00219,RetrySuccess,1553.32,2026-05-02T01:33:00+09:00
PAY00220,O00220,RetrySuccess,1047.65,2026-05-02T01:40:00+09:00
PAY00221,O00221,RetrySuccess,2610.84,2026-05-02T01:47:00+09:00
PAY00222,O00222,Success,663.43,2026-05-02T01:54:00+09:00
PAY00223,O00223,Failed,0.00,2026-05-02T02:01:00+09:00
PAY00224,O00224,Success,1770.22,2026-05-02T02:08:00+09:00
PAY00225,O00225,Success,233.71,2026-05-02T02:15:00+09:00
PAY00226,O00226,RetrySuccess,2719.01,2026-05-02T02:22:00+09:00
PAY00227,O00227,Failed,0.00,2026-05-02T02:29:00+09:00
PAY00228,O00228,Failed,0.00,2026-05-02T02:36:00+09:00
PAY00229,O00229,Failed,0.00,2026-05-02T02:43:00+09:00
PAY00230,O00230,RetrySuccess,1735.51,2026-05-02T02:50:00+09:00
PAY00231,O00231,RetrySuccess,684.11,2026-05-02T02:57:00+09:00
PAY00232,O00232,RetrySuccess,1329.28,2026-05-02T03:04:00+09:00
PAY00233,O00233,Failed,0.00,2026-05-02T03:11:00+09:00
PAY00234,O00234,Success,3438.20,2026-05-02T03:18:00+09:00
PAY00235,O00235,Failed,0.00,2026-05-02T03:25:00+09:00
PAY00236,O00236,RetrySuccess,784.85,2026-05-02T03:32:00+09:00
PAY00237,O00237,RetrySuccess,2325.25,2026-05-02T03:39:00+09:00
PAY00238,O00238,RetrySuccess,135.83,2026-05-02T03:46:00+09:00
PAY00239,O00239,Failed,0.00,2026-05-02T03:53:00+09:00
PAY00240,O00240,Success,1785.93,2026-05-02T04:00:00+09:00
PAY00241,O00241,Success,1893.10,2026-05-02T04:07:00+09:00
PAY00242,O00242,RetrySuccess,318.12,2026-05-02T04:14:00+09:00
PAY00243,O00243,Success,2009.83,2026-05-02T04:21:00+09:00
PAY00244,O00244,Success,2582.64,2026-05-02T04:28:00+09:00
PAY00245,O00245,RetrySuccess,4207.63,2026-05-02T04:35:00+09:00
PAY00246,O00246,Failed,0.00,2026-05-02T04:42:00+09:00
PAY00247,O00247,Failed,0.00,2026-05-02T04:49:00+09:00
PAY00248,O00248,Failed,0.00,2026-05-02T04:56:00+09:00
PAY00249,O00249,Failed,0.00,2026-05-02T05:03:00+09:00
PAY00250,O00250,Success,810.81,2026-05-02T05:10:00+09:00
PAY00251,O00251,Success,1165.95,2026-05-02T05:17:00+09:00
PAY00252,O00252,Failed,0.00,2026-05-02T05:24:00+09:00
PAY00253,O00253,RetrySuccess,1335.34,2026-05-02T05:31:00+09:00
PAY00254,O00254,Success,113.73,2026-05-02T05:38:00+09:00
PAY00255,O00255,RetrySuccess,3182.11,2026-05-02T05:45:00+09:00
PAY00256,O00256,Success,4993.44,2026-05-02T05:52:00+09:00
PAY00257,O00257,Failed,0.00,2026-05-02T05:59:00+09:00
PAY00258,O00258,Failed,0.00,2026-05-02T06:06:00+09:00
PAY00259,O00259,Failed,0.00,2026-05-02T06:13:00+09:00
PAY00260,O00260,Failed,0.00,2026-05-02T06:20:00+09:00
PAY00261,O00261,Success,1940.05,2026-05-02T06:27:00+09:00
PAY00262,O00262,Failed,0.00,2026-05-02T06:34:00+09:00
PAY00263,O00263,Failed,0.00,2026-05-02T06:41:00+09:00
PAY00264,O00264,Failed,0.00,2026-05-02T06:48:00+09:00
PAY00265,O00265,RetrySuccess,3346.97,2026-05-02T06:55:00+09:00
PAY00266,O00266,Failed,0.00,2026-05-02T07:02:00+09:00
PAY00267,O00267,Failed,0.00,2026-05-02T07:09:00+09:00
PAY00268,O00268,Success,472.26,2026-05-02T07:16:00+09:00
PAY00269,O00269,Success,2210.23,2026-05-02T07:23:00+09:00
PAY00270,O00270,Success,733.53,2026-05-02T07:30:00+09:00
PAY00271,O00271,RetrySuccess,1141.42,2026-05-02T07:37:00+09:00
PAY00272,O00272,Failed,0.00,2026-05-02T07:44:00+09:00
PAY00273,O00273,RetrySuccess,2163.16,2026-05-02T07:51:00+09:00
PAY00274,O00274,Failed,0.00,2026-05-02T07:58:00+09:00
PAY00275,O00275,RetrySuccess,557.70,2026-05-02T08:05:00+09:00
PAY00276,O00276,Failed,0.00,2026-05-02T08:12:00+09:00
PAY00277,O00277,RetrySuccess,530.24,2026-05-02T08:19:00+09:00
PAY00278,O00278,Success,2750.58,2026-05-02T08:26:00+09:00
PAY00279,O00279,RetrySuccess,3219.26,2026-05-02T08:33:00+09:00
PAY00280,O00280,Failed,0.00,2026-05-02T08:40:00+09:00
PAY00281,O00281,Success,746.17,2026-05-02T08:47:00+09:00
PAY00282,O00282,RetrySuccess,3021.40,2026-05-02T08:54:00+09:00
PAY00283,O00283,RetrySuccess,650.01,2026-05-02T09:01:00+09:00
PAY00284,O00284,RetrySuccess,2692.33,2026-05-02T09:08:00+09:00
PAY00285,O00285,Failed,0.00,2026-05-02T09:15:00+09:00
PAY00286,O00286,Failed,0.00,2026-05-02T09:22:00+09:00
PAY00287,O00287,Success,469.21,2026-05-02T09:29:00+09:00
PAY00288,O00288,RetrySuccess,1233.97,2026-05-02T09:36:00+09:00
PAY00289,O00289,Success,1107.02,2026-05-02T09:43:00+09:00
PAY00290,O00290,Success,1699.69,2026-05-02T09:50:00+09:00
PAY00291,O00291,Success,1795.41,2026-05-02T09:57:00+09:00
PAY00292,O00292,Failed,0.00,2026-05-02T10:04:00+09:00
PAY00293,O00293,RetrySuccess,2672.80,2026-05-02T10:11:00+09:00
PAY00294,O00294,Failed,0.00,2026-05-02T10:18:00+09:00
PAY00295,O00295,Failed,0.00,2026-05-02T10:25:00+09:00
PAY00296,O00296,Success,1321.42,2026-05-02T10:32:00+09:00
PAY00297,O00297,RetrySuccess,25.82,2026-05-02T10:39:00+09:00
PAY00298,O00298,Failed,0.00,2026-05-02T10:46:00+09:00
PAY00299,O00299,Failed,0.00,2026-05-02T10:53:00+09:00
PAY00300,O00300,Success,1868.74,2026-05-02T11:00:00+09:00
PAY00301,O00301,RetrySuccess,1887.15,2026-05-02T11:07:00+09:00
PAY00302,O00302,Failed,0.00,2026-05-02T11:14:00+09:00
PAY00303,O00303,Success,1107.94,2026-05-02T11:21:00+09:00
PAY00304,O00304,Success,591.11,2026-05-02T11:28:00+09:00
PAY00305,O00305,Failed,0.00,2026-05-02T11:35:00+09:00
PAY00306,O00306,Failed,0.00,2026-05-02T11:42:00+09:00
PAY00307,O00307,RetrySuccess,942.35,2026-05-02T11:49:00+09:00
PAY00308,O00308,Success,3817.47,2026-05-02T11:56:00+09:00
PAY00309,O00309,Failed,0.00,2026-05-02T12:03:00+09:00
PAY00310,O00310,RetrySuccess,1510.26,2026-05-02T12:10:00+09:00
PAY00311,O00311,Failed,0.00,2026-05-02T12:17:00+09:00
PAY00312,O00312,Success,1555.82,2026-05-02T12:24:00+09:00
PAY00313,O00313,Failed,0.00,2026-05-02T12:31:00+09:00
PAY00314,O00314,Failed,0.00,2026-05-02T12:38:00+09:00
PAY00315,O00315,Success,1988.92,2026-05-02T12:45:00+09:00
PAY00316,O00316,RetrySuccess,794.79,2026-05-02T12:52:00+09:00
PAY00317,O00317,RetrySuccess,4425.24,2026-05-02T12:59:00+09:00
PAY00318,O00318,Success,260.78,2026-05-02T13:06:00+09:00
PAY00319,O00319,RetrySuccess,267.81,2026-05-02T13:13:00+09:00
PAY00320,O00320,Success,3271.07,2026-05-02T13:20:00+09:00
PAY00321,O00321,Failed,0.00,2026-05-02T13:27:00+09:00
PAY00322,O00322,RetrySuccess,2950.99,2026-05-02T13:34:00+09:00
PAY00323,O00323,Failed,0.00,2026-05-02T13:41:00+09:00
PAY00324,O00324,Failed,0.00,2026-05-02T13:48:00+09:00
PAY00325,O00325,Failed,0.00,2026-05-02T13:55:00+09:00
PAY00326,O00326,Failed,0.00,2026-05-02T14:02:00+09:00
PAY00327,O00327,RetrySuccess,2622.44,2026-05-02T14:09:00+09:00
PAY00328,O00328,RetrySuccess,2300.77,2026-05-02T14:16:00+09:00
PAY00329,O00329,Success,1396.96,2026-05-02T14:23:00+09:00
PAY00330,O00330,Success,745.47,2026-05-02T14:30:00+09:00
PAY00331,O00331,Failed,0.00,2026-05-02T14:37:00+09:00
PAY00332,O00332,Failed,0.00,2026-05-02T14:44:00+09:00
PAY00333,O00333,Success,2336.42,2026-05-02T14:51:00+09:00
PAY00334,O00334,Success,1278.61,2026-05-02T14:58:00+09:00
PAY00335,O00335,Success,3268.84,2026-05-02T15:05:00+09:00
PAY00336,O00336,Success,1736.81,2026-05-02T15:12:00+09:00
PAY00337,O00337,RetrySuccess,532.70,2026-05-02T15:19:00+09:00
PAY00338,O00338,Failed,0.00,2026-05-02T15:26:00+09:00
PAY00339,O00339,Failed,0.00,2026-05-02T15:33:00+09:00
PAY00340,O00340,Failed,0.00,2026-05-02T15:40:00+09:00
PAY00341,O00341,RetrySuccess,4149.06,2026-05-02T15:47:00+09:00
PAY00342,O00342,Failed,0.00,2026-05-02T15:54:00+09:00
PAY00343,O00343,Failed,0.00,2026-05-02T16:01:00+09:00
PAY00344,O00344,Success,1427.67,2026-05-02T16:08:00+09:00
PAY00345,O00345,Failed,0.00,2026-05-02T16:15:00+09:00
PAY00346,O00346,Success,334.17,2026-05-02T16:22:00+09:00
PAY00347,O00347,Failed,0.00,2026-05-02T16:29:00+09:00
PAY00348,O00348,Failed,0.00,2026-05-02T16:36:00+09:00
PAY00349,O00349,Failed,0.00,2026-05-02T16:43:00+09:00
PAY00350,O00350,RetrySuccess,579.59,2026-05-02T16:50:00+09:00
PAY00351,O00351,RetrySuccess,1462.01,2026-05-02T16:57:00+09:00
PAY00352,O00352,Success,1491.14,2026-05-02T17:04:00+09:00
PAY00353,O00353,Success,1820.00,2026-05-02T17:11:00+09:00
PAY00354,O00354,Success,1759.66,2026-05-02T17:18:00+09:00
PAY00355,O00355,RetrySuccess,959.45,2026-05-02T17:25:00+09:00
PAY00356,O00356,Success,1119.51,2026-05-02T17:32:00+09:00
PAY00357,O00357,Failed,0.00,2026-05-02T17:39:00+09:00
PAY00358,O00358,RetrySuccess,1845.44,2026-05-02T17:46:00+09:00
PAY00359,O00359,Failed,0.00,2026-05-02T17:53:00+09:00
PAY00360,O00360,RetrySuccess,278.95,2026-05-02T18:00:00+09:00
PAY00361,O00361,RetrySuccess,945.73,2026-05-02T18:07:00+09:00
PAY00362,O00362,Failed,0.00,2026-05-02T18:14:00+09:00
PAY00363,O00363,Success,866.10,2026-05-02T18:21:00+09:00
PAY00364,O00364,Success,1270.15,2026-05-02T18:28:00+09:00
PAY00365,O00365,Success,1060.49,2026-05-02T18:35:00+09:00
PAY00366,O00366,RetrySuccess,2614.31,2026-05-02T18:42:00+09:00
PAY00367,O00367,RetrySuccess,2191.00,2026-05-02T18:49:00+09:00
PAY00368,O00368,Failed,0.00,2026-05-02T18:56:00+09:00
PAY00369,O00369,Failed,0.00,2026-05-02T19:03:00+09:00
PAY00370,O00370,Success,977.15,2026-05-02T19:10:00+09:00
PAY00371,O00371,Failed,0.00,2026-05-02T19:17:00+09:00
PAY00372,O00372,RetrySuccess,1408.96,2026-05-02T19:24:00+09:00
PAY00373,O00373,Failed,0.00,2026-05-02T19:31:00+09:00
PAY00374,O00374,Success,663.28,2026-05-02T19:38:00+09:00
PAY00375,O00375,Success,2115.41,2026-05-02T19:45:00+09:00
PAY00376,O00376,RetrySuccess,2346.57,2026-05-02T19:52:00+09:00
PAY00377,O00377,RetrySuccess,637.62,2026-05-02T19:59:00+09:00
PAY00378,O00378,RetrySuccess,1826.68,2026-05-02T20:06:00+09:00
PAY00379,O00379,Failed,0.00,2026-05-02T20:13:00+09:00
PAY00380,O00380,Failed,0.00,2026-05-02T20:20:00+09:00
PAY00381,O00381,Success,2991.51,2026-05-02T20:27:00+09:00
PAY00382,O00382,Success,348.82,2026-05-02T20:34:00+09:00
PAY00383,O00383,Failed,0.00,2026-05-02T20:41:00+09:00
PAY00384,O00384,RetrySuccess,907.24,2026-05-02T20:48:00+09:00
PAY00385,O00385,RetrySuccess,2479.88,2026-05-02T20:55:00+09:00
PAY00386,O00386,RetrySuccess,107.48,2026-05-02T21:02:00+09:00
PAY00387,O00387,Failed,0.00,2026-05-02T21:09:00+09:00
PAY00388,O00388,Failed,0.00,2026-05-02T21:16:00+09:00
PAY00389,O00389,Success,1185.66,2026-05-02T21:23:00+09:00
PAY00390,O00390,Success,329.51,2026-05-02T21:30:00+09:00
PAY00391,O00391,Failed,0.00,2026-05-02T21:37:00+09:00
PAY00392,O00392,Failed,0.00,2026-05-02T21:44:00+09:00
PAY00393,O00393,RetrySuccess,439.30,2026-05-02T21:51:00+09:00
PAY00394,O00394,Failed,0.00,2026-05-02T21:58:00+09:00
PAY00395,O00395,Success,1766.78,2026-05-02T22:05:00+09:00
PAY00396,O00396,Failed,0.00,2026-05-02T22:12:00+09:00
PAY00397,O00397,Failed,0.00,2026-05-02T22:19:00+09:00
PAY00398,O00398,RetrySuccess,1403.07,2026-05-02T22:26:00+09:00
PAY00399,O00399,RetrySuccess,2976.91,2026-05-02T22:33:00+09:00
PAY00400,O00400,RetrySuccess,359.17,2026-05-02T22:40:00+09:00
PAY00401,O00401,Failed,0.00,2026-05-02T22:47:00+09:00
PAY00402,O00402,RetrySuccess,2202.80,2026-05-02T22:54:00+09:00
PAY00403,O00403,Success,431.28,2026-05-02T23:01:00+09:00
PAY00404,O00404,RetrySuccess,1545.41,2026-05-02T23:08:00+09:00
PAY00405,O00405,Failed,0.00,2026-05-02T23:15:00+09:00
PAY00406,O00406,Success,1776.90,2026-05-02T23:22:00+09:00
PAY00407,O00407,Success,891.52,2026-05-02T23:29:00+09:00
PAY00408,O00408,RetrySuccess,2641.37,2026-05-02T23:36:00+09:00
PAY00409,O00409,RetrySuccess,497.03,2026-05-02T23:43:00+09:00
PAY00410,O00410,RetrySuccess,2719.53,2026-05-02T23:50:00+09:00
PAY00411,O00411,RetrySuccess,2042.80,2026-05-02T23:57:00+09:00
PAY00412,O00412,Success,3890.84,2026-05-03T00:04:00+09:00
PAY00413,O00413,Success,1935.16,2026-05-03T00:11:00+09:00
PAY00414,O00414,Failed,0.00,2026-05-03T00:18:00+09:00
PAY00415,O00415,Success,1080.22,2026-05-03T00:25:00+09:00
PAY00416,O00416,Success,767.53,2026-05-03T00:32:00+09:00
PAY00417,O00417,RetrySuccess,568.80,2026-05-03T00:39:00+09:00
PAY00418,O00418,RetrySuccess,447.42,2026-05-03T00:46:00+09:00
PAY00419,O00419,Success,163.64,2026-05-03T00:53:00+09:00
PAY00420,O00420,Success,460.85,2026-05-03T01:00:00+09:00
PAY00421,O00421,RetrySuccess,2018.35,2026-05-03T01:07:00+09:00
PAY00422,O00422,Failed,0.00,2026-05-03T01:14:00+09:00
PAY00423,O00423,Success,1339.77,2026-05-03T01:21:00+09:00
PAY00424,O00424,RetrySuccess,1481.64,2026-05-03T01:28:00+09:00
PAY00425,O00425,Success,554.59,2026-05-03T01:35:00+09:00
PAY00426,O00426,Success,1957.19,2026-05-03T01:42:00+09:00
PAY00427,O00427,Failed,0.00,2026-05-03T01:49:00+09:00
PAY00428,O00428,Failed,0.00,2026-05-03T01:56:00+09:00
PAY00429,O00429,RetrySuccess,1988.86,2026-05-03T02:03:00+09:00
PAY00430,O00430,Success,2398.03,2026-05-03T02:10:00+09:00
PAY00431,O00431,Success,1714.06,2026-05-03T02:17:00+09:00
PAY00432,O00432,Failed,0.00,2026-05-03T02:24:00+09:00
PAY00433,O00433,Failed,0.00,2026-05-03T02:31:00+09:00
PAY00434,O00434,Success,1011.47,2026-05-03T02:38:00+09:00
PAY00435,O00435,Success,1486.47,2026-05-03T02:45:00+09:00
PAY00436,O00436,Success,1564.02,2026-05-03T02:52:00+09:00
PAY00437,O00437,RetrySuccess,3281.95,2026-05-03T02:59:00+09:00
PAY00438,O00438,Failed,0.00,2026-05-03T03:06:00+09:00
PAY00439,O00439,RetrySuccess,1640.51,2026-05-03T03:13:00+09:00
PAY00440,O00440,RetrySuccess,1747.84,2026-05-03T03:20:00+09:00
PAY00441,O00441,Failed,0.00,2026-05-03T03:27:00+09:00
PAY00442,O00442,Failed,0.00,2026-05-03T03:34:00+09:00
PAY00443,O00443,RetrySuccess,1377.04,2026-05-03T03:41:00+09:00
PAY00444,O00444,RetrySuccess,142.28,2026-05-03T03:48:00+09:00
PAY00445,O00445,Failed,0.00,2026-05-03T03:55:00+09:00
PAY00446,O00446,RetrySuccess,76.62,2026-05-03T04:02:00+09:00
PAY00447,O00447,Failed,0.00,2026-05-03T04:09:00+09:00
PAY00448,O00448,Success,3366.71,2026-05-03T04:16:00+09:00
PAY00449,O00449,Success,1378.17,2026-05-03T04:23:00+09:00
PAY00450,O00450,Failed,0.00,2026-05-03T04:30:00+09:00
PAY00451,O00451,Failed,0.00,2026-05-03T04:37:00+09:00
PAY00452,O00452,RetrySuccess,551.48,2026-05-03T04:44:00+09:00
PAY00453,O00453,RetrySuccess,1019.64,2026-05-03T04:51:00+09:00
PAY00454,O00454,Failed,0.00,2026-05-03T04:58:00+09:00
PAY00455,O00455,Success,2545.41,2026-05-03T05:05:00+09:00
PAY00456,O00456,Failed,0.00,2026-05-03T05:12:00+09:00
PAY00457,O00457,Failed,0.00,2026-05-03T05:19:00+09:00
PAY00458,O00458,Failed,0.00,2026-05-03T05:26:00+09:00
PAY00459,O00459,Failed,0.00,2026-05-03T05:33:00+09:00
PAY00460,O00460,Success,719.65,2026-05-03T05:40:00+09:00
PAY00461,O00461,Success,831.25,2026-05-03T05:47:00+09:00
PAY00462,O00462,Success,930.53,2026-05-03T05:54:00+09:00
PAY00463,O00463,Failed,0.00,2026-05-03T06:01:00+09:00
PAY00464,O00464,Success,581.36,2026-05-03T06:08:00+09:00
PAY00465,O00465,Failed,0.00,2026-05-03T06:15:00+09:00
PAY00466,O00466,Failed,0.00,2026-05-03T06:22:00+09:00
PAY00467,O00467,Success,825.61,2026-05-03T06:29:00+09:00
PAY00468,O00468,Success,533.35,2026-05-03T06:36:00+09:00
PAY00469,O00469,Failed,0.00,2026-05-03T06:43:00+09:00
PAY00470,O00470,Success,1851.57,2026-05-03T06:50:00+09:00
PAY00471,O00471,RetrySuccess,2168.31,2026-05-03T06:57:00+09:00
PAY00472,O00472,Failed,0.00,2026-05-03T07:04:00+09:00
PAY00473,O00473,Failed,0.00,2026-05-03T07:11:00+09:00
PAY00474,O00474,Success,2035.75,2026-05-03T07:18:00+09:00
PAY00475,O00475,Success,454.27,2026-05-03T07:25:00+09:00
PAY00476,O00476,RetrySuccess,230.06,2026-05-03T07:32:00+09:00
PAY00477,O00477,Success,1585.30,2026-05-03T07:39:00+09:00
PAY00478,O00478,Failed,0.00,2026-05-03T07:46:00+09:00
PAY00479,O00479,Failed,0.00,2026-05-03T07:53:00+09:00
PAY00480,O00480,Success,939.61,2026-05-03T08:00:00+09:00
PAY00481,O00481,Failed,0.00,2026-05-03T08:07:00+09:00
PAY00482,O00482,Failed,0.00,2026-05-03T08:14:00+09:00
PAY00483,O00483,Failed,0.00,2026-05-03T08:21:00+09:00
PAY00484,O00484,Failed,0.00,2026-05-03T08:28:00+09:00
PAY00485,O00485,Failed,0.00,2026-05-03T08:35:00+09:00
PAY00486,O00486,Failed,0.00,2026-05-03T08:42:00+09:00
PAY00487,O00487,Success,1760.30,2026-05-03T08:49:00+09:00
PAY00488,O00488,RetrySuccess,810.01,2026-05-03T08:56:00+09:00
PAY00489,O00489,Failed,0.00,2026-05-03T09:03:00+09:00
PAY00490,O00490,Success,2818.41,2026-05-03T09:10:00+09:00
PAY00491,O00491,RetrySuccess,3670.36,2026-05-03T09:17:00+09:00
PAY00492,O00492,Success,2217.48,2026-05-03T09:24:00+09:00
PAY00493,O00493,RetrySuccess,845.01,2026-05-03T09:31:00+09:00
PAY00494,O00494,Failed,0.00,2026-05-03T09:38:00+09:00
PAY00495,O00495,Failed,0.00,2026-05-03T09:45:00+09:00
PAY00496,O00496,RetrySuccess,2634.82,2026-05-03T09:52:00+09:00
PAY00497,O00497,Success,106.09,2026-05-03T09:59:00+09:00
PAY00498,O00498,Success,2375.53,2026-05-03T10:06:00+09:00
PAY00499,O00499,RetrySuccess,57.32,2026-05-03T10:13:00+09:00
PAY00500,O00500,RetrySuccess,1044.77,2026-05-03T10:20:00+09:00
PAY00501,O00501,Success,1729.93,2026-05-03T10:27:00+09:00
PAY00502,O00502,Success,71.65,2026-05-03T10:34:00+09:00
PAY00503,O00503,Failed,0.00,2026-05-03T10:41:00+09:00
PAY00504,O00504,Success,3531.45,2026-05-03T10:48:00+09:00
PAY00505,O00505,Success,3525.61,2026-05-03T10:55:00+09:00
PAY00506,O00506,Success,1296.44,2026-05-03T11:02:00+09:00
PAY00507,O00507,Failed,0.00,2026-05-03T11:09:00+09:00
PAY00508,O00508,Success,2002.77,2026-05-03T11:16:00+09:00
PAY00509,O00509,RetrySuccess,460.13,2026-05-03T11:23:00+09:00
PAY00510,O00510,RetrySuccess,1155.44,2026-05-03T11:30:00+09:00
PAY00511,O00511,Failed,0.00,2026-05-03T11:37:00+09:00
PAY00512,O00512,Failed,0.00,2026-05-03T11:44:00+09:00
PAY00513,O00513,RetrySuccess,198.80,2026-05-03T11:51:00+09:00
PAY00514,O00514,Success,2969.48,2026-05-03T11:58:00+09:00
PAY00515,O00515,Failed,0.00,2026-05-03T12:05:00+09:00
PAY00516,O00516,RetrySuccess,1845.27,2026-05-03T12:12:00+09:00
PAY00517,O00517,Success,555.89,2026-05-03T12:19:00+09:00
PAY00518,O00518,Success,2063.07,2026-05-03T12:26:00+09:00
PAY00519,O00519,RetrySuccess,137.93,2026-05-03T12:33:00+09:00
PAY00520,O00520,Success,2901.69,2026-05-03T12:40:00+09:00
PAY00521,O00521,Failed,0.00,2026-05-03T12:47:00+09:00
PAY00522,O00522,Failed,0.00,2026-05-03T12:54:00+09:00
PAY00523,O00523,Success,1471.22,2026-05-03T13:01:00+09:00
PAY00524,O00524,Failed,0.00,2026-05-03T13:08:00+09:00
PAY00525,O00525,Success,479.68,2026-05-03T13:15:00+09:00
PAY00526,O00526,Failed,0.00,2026-05-03T13:22:00+09:00
PAY00527,O00527,Failed,0.00,2026-05-03T13:29:00+09:00
PAY00528,O00528,RetrySuccess,204.46,2026-05-03T13:36:00+09:00
PAY00529,O00529,RetrySuccess,1370.90,2026-05-03T13:43:00+09:00
PAY00530,O00530,Success,2968.87,2026-05-03T13:50:00+09:00
PAY00531,O00531,Failed,0.00,2026-05-03T13:57:00+09:00
PAY00532,O00532,Success,1390.48,2026-05-03T14:04:00+09:00
PAY00533,O00533,Failed,0.00,2026-05-03T14:11:00+09:00
PAY00534,O00534,Success,2620.83,2026-05-03T14:18:00+09:00
PAY00535,O00535,Success,725.33,2026-05-03T14:25:00+09:00
PAY00536,O00536,RetrySuccess,3857.76,2026-05-03T14:32:00+09:00
PAY00537,O00537,Success,399.18,2026-05-03T14:39:00+09:00
PAY00538,O00538,Failed,0.00,2026-05-03T14:46:00+09:00
PAY00539,O00539,Success,4452.14,2026-05-03T14:53:00+09:00
PAY00540,O00540,Failed,0.00,2026-05-03T15:00:00+09:00
PAY00541,O00541,RetrySuccess,337.11,2026-05-03T15:07:00+09:00
PAY00542,O00542,RetrySuccess,924.19,2026-05-03T15:14:00+09:00
PAY00543,O00543,Failed,0.00,2026-05-03T15:21:00+09:00
PAY00544,O00544,Failed,0.00,2026-05-03T15:28:00+09:00
PAY00545,O00545,RetrySuccess,1879.82,2026-05-03T15:35:00+09:00
PAY00546,O00546,RetrySuccess,153.79,2026-05-03T15:42:00+09:00
PAY00547,O00547,Success,1732.58,2026-05-03T15:49:00+09:00
PAY00548,O00548,Failed,0.00,2026-05-03T15:56:00+09:00
PAY00549,O00549,Success,4548.07,2026-05-03T16:03:00+09:00
PAY00550,O00550,Success,2578.46,2026-05-03T16:10:00+09:00
PAY00551,O00551,Success,1157.72,2026-05-03T16:17:00+09:00
PAY00552,O00552,Success,2856.59,2026-05-03T16:24:00+09:00
PAY00553,O00553,Success,3370.40,2026-05-03T16:31:00+09:00
PAY00554,O00554,Failed,0.00,2026-05-03T16:38:00+09:00
PAY00555,O00555,Success,2133.79,2026-05-03T16:45:00+09:00
PAY00556,O00556,Failed,0.00,2026-05-03T16:52:00+09:00
PAY00557,O00557,Success,1114.59,2026-05-03T16:59:00+09:00
PAY00558,O00558,Failed,0.00,2026-05-03T17:06:00+09:00
PAY00559,O00559,Success,2270.32,2026-05-03T17:13:00+09:00
PAY00560,O00560,RetrySuccess,2278.75,2026-05-03T17:20:00+09:00
PAY00561,O00561,Success,753.00,2026-05-03T17:27:00+09:00
PAY00562,O00562,Success,1227.42,2026-05-03T17:34:00+09:00
PAY00563,O00563,Failed,0.00,2026-05-03T17:41:00+09:00
PAY00564,O00564,Success,508.65,2026-05-03T17:48:00+09:00
PAY00565,O00565,RetrySuccess,3068.13,2026-05-03T17:55:00+09:00
PAY00566,O00566,RetrySuccess,1442.24,2026-05-03T18:02:00+09:00
PAY00567,O00567,Success,207.79,2026-05-03T18:09:00+09:00
PAY00568,O00568,Success,4473.59,2026-05-03T18:16:00+09:00
PAY00569,O00569,Success,2147.83,2026-05-03T18:23:00+09:00
PAY00570,O00570,Failed,0.00,2026-05-03T18:30:00+09:00
PAY00571,O00571,RetrySuccess,1037.63,2026-05-03T18:37:00+09:00
PAY00572,O00572,Success,4220.24,2026-05-03T18:44:00+09:00
PAY00573,O00573,Failed,0.00,2026-05-03T18:51:00+09:00
PAY00574,O00574,Failed,0.00,2026-05-03T18:58:00+09:00
PAY00575,O00575,Failed,0.00,2026-05-03T19:05:00+09:00
PAY00576,O00576,Failed,0.00,2026-05-03T19:12:00+09:00
PAY00577,O00577,Failed,0.00,2026-05-03T19:19:00+09:00
PAY00578,O00578,Failed,0.00,2026-05-03T19:26:00+09:00
PAY00579,O00579,Success,1433.03,2026-05-03T19:33:00+09:00
PAY00580,O00580,Success,1304.25,2026-05-03T19:40:00+09:00
PAY00581,O00581,Success,1598.95,2026-05-03T19:47:00+09:00
PAY00582,O00582,Success,1656.99,2026-05-03T19:54:00+09:00
PAY00583,O00583,RetrySuccess,599.43,2026-05-03T20:01:00+09:00
PAY00584,O00584,RetrySuccess,2887.46,2026-05-03T20:08:00+09:00
PAY00585,O00585,Failed,0.00,2026-05-03T20:15:00+09:00
PAY00586,O00586,Failed,0.00,2026-05-03T20:22:00+09:00
PAY00587,O00587,Success,2843.72,2026-05-03T20:29:00+09:00
PAY00588,O00588,Failed,0.00,2026-05-03T20:36:00+09:00
PAY00589,O00589,Failed,0.00,2026-05-03T20:43:00+09:00
PAY00590,O00590,Failed,0.00,2026-05-03T20:50:00+09:00
PAY00591,O00591,Failed,0.00,2026-05-03T20:57:00+09:00
PAY00592,O00592,Failed,0.00,2026-05-03T21:04:00+09:00
PAY00593,O00593,RetrySuccess,252.92,2026-05-03T21:11:00+09:00
PAY00594,O00594,Failed,0.00,2026-05-03T21:18:00+09:00
PAY00595,O00595,Failed,0.00,2026-05-03T21:25:00+09:00
PAY00596,O00596,Failed,0.00,2026-05-03T21:32:00+09:00
PAY00597,O00597,Success,2110.23,2026-05-03T21:39:00+09:00
PAY00598,O00598,Failed,0.00,2026-05-03T21:46:00+09:00
PAY00599,O00599,RetrySuccess,2452.95,2026-05-03T21:53:00+09:00
PAY00600,O00600,Success,1956.29,2026-05-03T22:00:00+09:00
PAY00601,O00601,Success,1150.00,2026-05-03T22:07:00+09:00
PAY00602,O00602,RetrySuccess,1680.53,2026-05-03T22:14:00+09:00
PAY00603,O00603,RetrySuccess,1758.58,2026-05-03T22:21:00+09:00
PAY00604,O00604,Success,1779.81,2026-05-03T22:28:00+09:00
PAY00605,O00605,Success,2803.65,2026-05-03T22:35:00+09:00
PAY00606,O00606,Success,339.47,2026-05-03T22:42:00+09:00
PAY00607,O00607,Success,1486.91,2026-05-03T22:49:00+09:00
PAY00608,O00608,Failed,0.00,2026-05-03T22:56:00+09:00
PAY00609,O00609,Failed,0.00,2026-05-03T23:03:00+09:00
PAY00610,O00610,Success,3724.42,2026-05-03T23:10:00+09:00
PAY00611,O00611,Failed,0.00,2026-05-03T23:17:00+09:00
PAY00612,O00612,RetrySuccess,2465.23,2026-05-03T23:24:00+09:00
PAY00613,O00613,Success,2521.31,2026-05-03T23:31:00+09:00
PAY00614,O00614,Failed,0.00,2026-05-03T23:38:00+09:00
PAY00615,O00615,RetrySuccess,1446.47,2026-05-03T23:45:00+09:00
PAY00616,O00616,Failed,0.00,2026-05-03T23:52:00+09:00
PAY00617,O00617,Failed,0.00,2026-05-03T23:59:00+09:00
PAY00618,O00618,Failed,0.00,2026-05-04T00:06:00+09:00
PAY00619,O00619,Success,3152.33,2026-05-04T00:13:00+09:00
PAY00620,O00620,Success,534.50,2026-05-04T00:20:00+09:00
PAY00621,O00621,RetrySuccess,1441.77,2026-05-04T00:27:00+09:00
PAY00622,O00622,Success,3547.08,2026-05-04T00:34:00+09:00
PAY00623,O00623,Failed,0.00,2026-05-04T00:41:00+09:00
PAY00624,O00624,Failed,0.00,2026-05-04T00:48:00+09:00
PAY00625,O00625,Failed,0.00,2026-05-04T00:55:00+09:00
PAY00626,O00626,Success,1402.71,2026-05-04T01:02:00+09:00
PAY00627,O00627,Success,1042.57,2026-05-04T01:09:00+09:00
PAY00628,O00628,Success,1109.04,2026-05-04T01:16:00+09:00
PAY00629,O00629,Failed,0.00,2026-05-04T01:23:00+09:00
PAY00630,O00630,Success,2525.67,2026-05-04T01:30:00+09:00
PAY00631,O00631,RetrySuccess,3203.82,2026-05-04T01:37:00+09:00
PAY00632,O00632,Failed,0.00,2026-05-04T01:44:00+09:00
PAY00633,O00633,RetrySuccess,1546.23,2026-05-04T01:51:00+09:00
PAY00634,O00634,Failed,0.00,2026-05-04T01:58:00+09:00
PAY00635,O00635,Failed,0.00,2026-05-04T02:05:00+09:00
PAY00636,O00636,RetrySuccess,2226.66,2026-05-04T02:12:00+09:00
PAY00637,O00637,Success,2192.68,2026-05-04T02:19:00+09:00
PAY00638,O00638,Failed,0.00,2026-05-04T02:26:00+09:00
PAY00639,O00639,RetrySuccess,1825.14,2026-05-04T02:33:00+09:00
PAY00640,O00640,RetrySuccess,3447.36,2026-05-04T02:40:00+09:00
PAY00641,O00641,Success,1442.17,2026-05-04T02:47:00+09:00
PAY00642,O00642,Success,2010.72,2026-05-04T02:54:00+09:00
PAY00643,O00643,Success,1042.38,2026-05-04T03:01:00+09:00
PAY00644,O00644,Success,1929.50,2026-05-04T03:08:00+09:00
PAY00645,O00645,Success,651.49,2026-05-04T03:15:00+09:00
PAY00646,O00646,Success,1541.32,2026-05-04T03:22:00+09:00
PAY00647,O00647,Success,2401.59,2026-05-04T03:29:00+09:00
PAY00648,O00648,RetrySuccess,2800.32,2026-05-04T03:36:00+09:00
PAY00649,O00649,Failed,0.00,2026-05-04T03:43:00+09:00
PAY00650,O00650,Failed,0.00,2026-05-04T03:50:00+09:00
PAY00651,O00651,Failed,0.00,2026-05-04T03:57:00+09:00
PAY00652,O00652,RetrySuccess,2204.88,2026-05-04T04:04:00+09:00
PAY00653,O00653,Failed,0.00,2026-05-04T04:11:00+09:00
PAY00654,O00654,Failed,0.00,2026-05-04T04:18:00+09:00
PAY00655,O00655,Failed,0.00,2026-05-04T04:25:00+09:00
PAY00656,O00656,Failed,0.00,2026-05-04T04:32:00+09:00
PAY00657,O00657,Failed,0.00,2026-05-04T04:39:00+09:00
PAY00658,O00658,Success,427.79,2026-05-04T04:46:00+09:00
PAY00659,O00659,Failed,0.00,2026-05-04T04:53:00+09:00
PAY00660,O00660,Success,2612.05,2026-05-04T05:00:00+09:00
PAY00661,O00661,RetrySuccess,1034.38,2026-05-04T05:07:00+09:00
PAY00662,O00662,Failed,0.00,2026-05-04T05:14:00+09:00
PAY00663,O00663,Success,1407.51,2026-05-04T05:21:00+09:00
PAY00664,O00664,Failed,0.00,2026-05-04T05:28:00+09:00
PAY00665,O00665,Success,1566.33,2026-05-04T05:35:00+09:00
PAY00666,O00666,Failed,0.00,2026-05-04T05:42:00+09:00
PAY00667,O00667,Success,2387.66,2026-05-04T05:49:00+09:00
PAY00668,O00668,RetrySuccess,1906.14,2026-05-04T05:56:00+09:00
PAY00669,O00669,RetrySuccess,180.83,2026-05-04T06:03:00+09:00
PAY00670,O00670,Failed,0.00,2026-05-04T06:10:00+09:00
PAY00671,O00671,RetrySuccess,2153.69,2026-05-04T06:17:00+09:00
PAY00672,O00672,Failed,0.00,2026-05-04T06:24:00+09:00
PAY00673,O00673,Success,1307.20,2026-05-04T06:31:00+09:00
PAY00674,O00674,Success,2703.14,2026-05-04T06:38:00+09:00
PAY00675,O00675,RetrySuccess,2132.69,2026-05-04T06:45:00+09:00
PAY00676,O00676,RetrySuccess,2019.00,2026-05-04T06:52:00+09:00
PAY00677,O00677,Success,3228.08,2026-05-04T06:59:00+09:00
PAY00678,O00678,Success,1189.12,2026-05-04T07:06:00+09:00
PAY00679,O00679,Success,2374.66,2026-05-04T07:13:00+09:00
PAY00680,O00680,Failed,0.00,2026-05-04T07:20:00+09:00
PAY00681,O00681,Success,70.19,2026-05-04T07:27:00+09:00
PAY00682,O00682,RetrySuccess,1551.88,2026-05-04T07:34:00+09:00
PAY00683,O00683,Failed,0.00,2026-05-04T07:41:00+09:00
PAY00684,O00684,Failed,0.00,2026-05-04T07:48:00+09:00
PAY00685,O00685,Failed,0.00,2026-05-04T07:55:00+09:00
PAY00686,O00686,Success,570.39,2026-05-04T08:02:00+09:00
PAY00687,O00687,Success,3335.91,2026-05-04T08:09:00+09:00
PAY00688,O00688,Success,276.62,2026-05-04T08:16:00+09:00
PAY00689,O00689,Failed,0.00,2026-05-04T08:23:00+09:00
PAY00690,O00690,RetrySuccess,2045.32,2026-05-04T08:30:00+09:00
PAY00691,O00691,Failed,0.00,2026-05-04T08:37:00+09:00
PAY00692,O00692,Failed,0.00,2026-05-04T08:44:00+09:00
PAY00693,O00693,RetrySuccess,363.43,2026-05-04T08:51:00+09:00
PAY00694,O00694,RetrySuccess,4418.55,2026-05-04T08:58:00+09:00
PAY00695,O00695,Success,307.59,2026-05-04T09:05:00+09:00
PAY00696,O00696,RetrySuccess,2081.48,2026-05-04T09:12:00+09:00
PAY00697,O00697,Failed,0.00,2026-05-04T09:19:00+09:00
PAY00698,O00698,Success,257.15,2026-05-04T09:26:00+09:00
PAY00699,O00699,Failed,0.00,2026-05-04T09:33:00+09:00
PAY00700,O00700,Failed,0.00,2026-05-04T09:40:00+09:00
PAY00701,O00701,Failed,0.00,2026-05-04T09:47:00+09:00
PAY00702,O00702,Success,395.46,2026-05-04T09:54:00+09:00
PAY00703,O00703,Failed,0.00,2026-05-04T10:01:00+09:00
PAY00704,O00704,Success,936.18,2026-05-04T10:08:00+09:00
PAY00705,O00705,Success,1010.25,2026-05-04T10:15:00+09:00
PAY00706,O00706,Success,1301.73,2026-05-04T10:22:00+09:00
PAY00707,O00707,Success,638.84,2026-05-04T10:29:00+09:00
PAY00708,O00708,Failed,0.00,2026-05-04T10:36:00+09:00
PAY00709,O00709,Failed,0.00,2026-05-04T10:43:00+09:00
PAY00710,O00710,RetrySuccess,745.92,2026-05-04T10:50:00+09:00
PAY00711,O00711,Success,1492.13,2026-05-04T10:57:00+09:00
PAY00712,O00712,RetrySuccess,837.82,2026-05-04T11:04:00+09:00
PAY00713,O00713,RetrySuccess,1814.48,2026-05-04T11:11:00+09:00
PAY00714,O00714,Success,579.12,2026-05-04T11:18:00+09:00
PAY00715,O00715,Failed,0.00,2026-05-04T11:25:00+09:00
PAY00716,O00716,Failed,0.00,2026-05-04T11:32:00+09:00
PAY00717,O00717,Success,1374.63,2026-05-04T11:39:00+09:00
PAY00718,O00718,Failed,0.00,2026-05-04T11:46:00+09:00
PAY00719,O00719,RetrySuccess,2351.57,2026-05-04T11:53:00+09:00
PAY00720,O00720,Success,1566.38,2026-05-04T12:00:00+09:00
PAY00721,O00721,RetrySuccess,1260.31,2026-05-04T12:07:00+09:00
PAY00722,O00722,Failed,0.00,2026-05-04T12:14:00+09:00
PAY00723,O00723,Success,220.38,2026-05-04T12:21:00+09:00
PAY00724,O00724,Success,559.82,2026-05-04T12:28:00+09:00
PAY00725,O00725,Success,2231.35,2026-05-04T12:35:00+09:00
PAY00726,O00726,Success,367.42,2026-05-04T12:42:00+09:00
PAY00727,O00727,Success,3884.14,2026-05-04T12:49:00+09:00
PAY00728,O00728,Success,1530.85,2026-05-04T12:56:00+09:00
PAY00729,O00729,Success,1440.10,2026-05-04T13:03:00+09:00
PAY00730,O00730,RetrySuccess,143.13,2026-05-04T13:10:00+09:00
PAY00731,O00731,Success,1337.22,2026-05-04T13:17:00+09:00
PAY00732,O00732,Success,1911.07,2026-05-04T13:24:00+09:00
PAY00733,O00733,Success,2619.36,2026-05-04T13:31:00+09:00
PAY00734,O00734,Success,551.99,2026-05-04T13:38:00+09:00
PAY00735,O00735,Success,443.74,2026-05-04T13:45:00+09:00
PAY00736,O00736,Failed,0.00,2026-05-04T13:52:00+09:00
PAY00737,O00737,Failed,0.00,2026-05-04T13:59:00+09:00
PAY00738,O00738,Failed,0.00,2026-05-04T14:06:00+09:00
PAY00739,O00739,Failed,0.00,2026-05-04T14:13:00+09:00
PAY00740,O00740,Failed,0.00,2026-05-04T14:20:00+09:00
PAY00741,O00741,Success,2189.18,2026-05-04T14:27:00+09:00
PAY00742,O00742,Failed,0.00,2026-05-04T14:34:00+09:00
PAY00743,O00743,Success,101.43,2026-05-04T14:41:00+09:00
PAY00744,O00744,Success,1994.39,2026-05-04T14:48:00+09:00
PAY00745,O00745,Failed,0.00,2026-05-04T14:55:00+09:00
PAY00746,O00746,RetrySuccess,660.06,2026-05-04T15:02:00+09:00
PAY00747,O00747,Success,1133.78,2026-05-04T15:09:00+09:00
PAY00748,O00748,Success,1091.54,2026-05-04T15:16:00+09:00
PAY00749,O00749,RetrySuccess,2634.97,2026-05-04T15:23:00+09:00
PAY00750,O00750,Failed,0.00,2026-05-04T15:30:00+09:00
PAY00751,O00751,Failed,0.00,2026-05-04T15:37:00+09:00
PAY00752,O00752,Success,1579.20,2026-05-04T15:44:00+09:00
PAY00753,O00753,Success,1088.10,2026-05-04T15:51:00+09:00
PAY00754,O00754,RetrySuccess,1431.05,2026-05-04T15:58:00+09:00
PAY00755,O00755,Success,5419.23,2026-05-04T16:05:00+09:00
PAY00756,O00756,Success,1674.50,2026-05-04T16:12:00+09:00
PAY00757,O00757,Failed,0.00,2026-05-04T16:19:00+09:00
PAY00758,O00758,RetrySuccess,3832.62,2026-05-04T16:26:00+09:00
PAY00759,O00759,Success,2059.26,2026-05-04T16:33:00+09:00
PAY00760,O00760,RetrySuccess,3143.70,2026-05-04T16:40:00+09:00
PAY00761,O00761,Success,1696.16,2026-05-04T16:47:00+09:00
PAY00762,O00762,Failed,0.00,2026-05-04T16:54:00+09:00
PAY00763,O00763,Failed,0.00,2026-05-04T17:01:00+09:00
PAY00764,O00764,Success,351.29,2026-05-04T17:08:00+09:00
PAY00765,O00765,Failed,0.00,2026-05-04T17:15:00+09:00
PAY00766,O00766,Success,2592.54,2026-05-04T17:22:00+09:00
PAY00767,O00767,Failed,0.00,2026-05-04T17:29:00+09:00
PAY00768,O00768,Failed,0.00,2026-05-04T17:36:00+09:00
PAY00769,O00769,Success,852.36,2026-05-04T17:43:00+09:00
PAY00770,O00770,RetrySuccess,1489.94,2026-05-04T17:50:00+09:00
PAY00771,O00771,Failed,0.00,2026-05-04T17:57:00+09:00
PAY00772,O00772,Failed,0.00,2026-05-04T18:04:00+09:00
PAY00773,O00773,Success,2620.87,2026-05-04T18:11:00+09:00
PAY00774,O00774,Success,883.70,2026-05-04T18:18:00+09:00
PAY00775,O00775,Success,1762.08,2026-05-04T18:25:00+09:00
PAY00776,O00776,Success,2955.24,2026-05-04T18:32:00+09:00
PAY00777,O00777,Failed,0.00,2026-05-04T18:39:00+09:00
PAY00778,O00778,Failed,0.00,2026-05-04T18:46:00+09:00
PAY00779,O00779,Success,5087.18,2026-05-04T18:53:00+09:00
PAY00780,O00780,RetrySuccess,2186.64,2026-05-04T19:00:00+09:00
PAY00781,O00781,RetrySuccess,1100.42,2026-05-04T19:07:00+09:00
PAY00782,O00782,Success,313.15,2026-05-04T19:14:00+09:00
PAY00783,O00783,Success,1502.23,2026-05-04T19:21:00+09:00
PAY00784,O00784,Success,872.20,2026-05-04T19:28:00+09:00
PAY00785,O00785,Failed,0.00,2026-05-04T19:35:00+09:00
PAY00786,O00786,Failed,0.00,2026-05-04T19:42:00+09:00
PAY00787,O00787,Failed,0.00,2026-05-04T19:49:00+09:00
PAY00788,O00788,RetrySuccess,1798.35,2026-05-04T19:56:00+09:00
PAY00789,O00789,RetrySuccess,3970.20,2026-05-04T20:03:00+09:00
PAY00790,O00790,Success,1125.04,2026-05-04T20:10:00+09:00
PAY00791,O00791,Success,666.19,2026-05-04T20:17:00+09:00
PAY00792,O00792,Failed,0.00,2026-05-04T20:24:00+09:00
PAY00793,O00793,RetrySuccess,2465.27,2026-05-04T20:31:00+09:00
PAY00794,O00794,RetrySuccess,1801.99,2026-05-04T20:38:00+09:00
PAY00795,O00795,Success,1583.26,2026-05-04T20:45:00+09:00
PAY00796,O00796,Success,1206.82,2026-05-04T20:52:00+09:00
PAY00797,O00797,Success,2135.27,2026-05-04T20:59:00+09:00
PAY00798,O00798,Success,3490.89,2026-05-04T21:06:00+09:00
PAY00799,O00799,RetrySuccess,1322.73,2026-05-04T21:13:00+09:00
PAY00800,O00800,RetrySuccess,71.53,2026-05-04T21:20:00+09:00
PAY00801,O00801,Success,1828.28,2026-05-04T21:27:00+09:00
PAY00802,O00802,Failed,0.00,2026-05-04T21:34:00+09:00
PAY00803,O00803,RetrySuccess,718.40,2026-05-04T21:41:00+09:00
PAY00804,O00804,RetrySuccess,2547.03,2026-05-04T21:48:00+09:00
PAY00805,O00805,Success,840.74,2026-05-04T21:55:00+09:00
PAY00806,O00806,Success,1816.05,2026-05-04T22:02:00+09:00
PAY00807,O00807,RetrySuccess,584.58,2026-05-04T22:09:00+09:00
PAY00808,O00808,RetrySuccess,965.58,2026-05-04T22:16:00+09:00
PAY00809,O00809,RetrySuccess,1813.50,2026-05-04T22:23:00+09:00
PAY00810,O00810,RetrySuccess,2343.36,2026-05-04T22:30:00+09:00
PAY00811,O00811,RetrySuccess,1376.03,2026-05-04T22:37:00+09:00
PAY00812,O00812,Failed,0.00,2026-05-04T22:44:00+09:00
PAY00813,O00813,RetrySuccess,2014.14,2026-05-04T22:51:00+09:00
PAY00814,O00814,Failed,0.00,2026-05-04T22:58:00+09:00
PAY00815,O00815,Failed,0.00,2026-05-04T23:05:00+09:00
PAY00816,O00816,RetrySuccess,2464.14,2026-05-04T23:12:00+09:00
PAY00817,O00817,RetrySuccess,2652.28,2026-05-04T23:19:00+09:00
PAY00818,O00818,Success,2659.60,2026-05-04T23:26:00+09:00
PAY00819,O00819,RetrySuccess,2155.45,2026-05-04T23:33:00+09:00
PAY00820,O00820,Success,2119.37,2026-05-04T23:40:00+09:00
PAY00821,O00821,Success,3016.37,2026-05-04T23:47:00+09:00
PAY00822,O00822,RetrySuccess,901.72,2026-05-04T23:54:00+09:00
PAY00823,O00823,Success,1894.16,2026-05-05T00:01:00+09:00
PAY00824,O00824,Success,798.74,2026-05-05T00:08:00+09:00
PAY00825,O00825,Success,3425.30,2026-05-05T00:15:00+09:00
PAY00826,O00826,Failed,0.00,2026-05-05T00:22:00+09:00
PAY00827,O00827,Failed,0.00,2026-05-05T00:29:00+09:00
PAY00828,O00828,Failed,0.00,2026-05-05T00:36:00+09:00
PAY00829,O00829,RetrySuccess,1928.91,2026-05-05T00:43:00+09:00
PAY00830,O00830,Failed,0.00,2026-05-05T00:50:00+09:00
PAY00831,O00831,Success,1789.78,2026-05-05T00:57:00+09:00
PAY00832,O00832,RetrySuccess,1577.06,2026-05-05T01:04:00+09:00
PAY00833,O00833,Success,1378.91,2026-05-05T01:11:00+09:00
PAY00834,O00834,Success,1065.86,2026-05-05T01:18:00+09:00
PAY00835,O00835,Failed,0.00,2026-05-05T01:25:00+09:00
PAY00836,O00836,RetrySuccess,1607.73,2026-05-05T01:32:00+09:00
PAY00837,O00837,Success,348.92,2026-05-05T01:39:00+09:00
PAY00838,O00838,Success,860.80,2026-05-05T01:46:00+09:00
PAY00839,O00839,Failed,0.00,2026-05-05T01:53:00+09:00
PAY00840,O00840,Failed,0.00,2026-05-05T02:00:00+09:00
PAY00841,O00841,Failed,0.00,2026-05-05T02:07:00+09:00
PAY00842,O00842,Success,74.52,2026-05-05T02:14:00+09:00
PAY00843,O00843,Success,227.88,2026-05-05T02:21:00+09:00
PAY00844,O00844,Failed,0.00,2026-05-05T02:28:00+09:00
PAY00845,O00845,Success,507.00,2026-05-05T02:35:00+09:00
PAY00846,O00846,Failed,0.00,2026-05-05T02:42:00+09:00
PAY00847,O00847,Failed,0.00,2026-05-05T02:49:00+09:00
PAY00848,O00848,Success,1374.27,2026-05-05T02:56:00+09:00
PAY00849,O00849,Failed,0.00,2026-05-05T03:03:00+09:00
PAY00850,O00850,Failed,0.00,2026-05-05T03:10:00+09:00
PAY00851,O00851,Failed,0.00,2026-05-05T03:17:00+09:00
PAY00852,O00852,Failed,0.00,2026-05-05T03:24:00+09:00
PAY00853,O00853,RetrySuccess,1232.92,2026-05-05T03:31:00+09:00
PAY00854,O00854,Success,3543.31,2026-05-05T03:38:00+09:00
PAY00855,O00855,Failed,0.00,2026-05-05T03:45:00+09:00
PAY00856,O00856,RetrySuccess,2264.49,2026-05-05T03:52:00+09:00
PAY00857,O00857,Failed,0.00,2026-05-05T03:59:00+09:00
PAY00858,O00858,Failed,0.00,2026-05-05T04:06:00+09:00
PAY00859,O00859,Success,1544.83,2026-05-05T04:13:00+09:00
PAY00860,O00860,Success,2091.87,2026-05-05T04:20:00+09:00
PAY00861,O00861,RetrySuccess,1265.90,2026-05-05T04:27:00+09:00
PAY00862,O00862,Failed,0.00,2026-05-05T04:34:00+09:00
PAY00863,O00863,Success,391.24,2026-05-05T04:41:00+09:00
PAY00864,O00864,RetrySuccess,1776.55,2026-05-05T04:48:00+09:00
PAY00865,O00865,Success,1010.70,2026-05-05T04:55:00+09:00
PAY00866,O00866,RetrySuccess,2219.56,2026-05-05T05:02:00+09:00
PAY00867,O00867,Success,371.82,2026-05-05T05:09:00+09:00
PAY00868,O00868,Success,381.14,2026-05-05T05:16:00+09:00
PAY00869,O00869,Success,1026.03,2026-05-05T05:23:00+09:00
PAY00870,O00870,Failed,0.00,2026-05-05T05:30:00+09:00
PAY00871,O00871,Success,472.34,2026-05-05T05:37:00+09:00
PAY00872,O00872,Failed,0.00,2026-05-05T05:44:00+09:00
PAY00873,O00873,Failed,0.00,2026-05-05T05:51:00+09:00
PAY00874,O00874,Success,710.69,2026-05-05T05:58:00+09:00
PAY00875,O00875,Failed,0.00,2026-05-05T06:05:00+09:00
PAY00876,O00876,Success,4385.65,2026-05-05T06:12:00+09:00
PAY00877,O00877,Failed,0.00,2026-05-05T06:19:00+09:00
PAY00878,O00878,Failed,0.00,2026-05-05T06:26:00+09:00
PAY00879,O00879,Failed,0.00,2026-05-05T06:33:00+09:00
PAY00880,O00880,Success,2502.88,2026-05-05T06:40:00+09:00
PAY00881,O00881,Success,360.79,2026-05-05T06:47:00+09:00
PAY00882,O00882,Failed,0.00,2026-05-05T06:54:00+09:00
PAY00883,O00883,Success,116.79,2026-05-05T07:01:00+09:00
PAY00884,O00884,Success,1550.56,2026-05-05T07:08:00+09:00
PAY00885,O00885,Failed,0.00,2026-05-05T07:15:00+09:00
PAY00886,O00886,Failed,0.00,2026-05-05T07:22:00+09:00
PAY00887,O00887,Success,149.00,2026-05-05T07:29:00+09:00
PAY00888,O00888,RetrySuccess,2883.13,2026-05-05T07:36:00+09:00
PAY00889,O00889,Success,1154.07,2026-05-05T07:43:00+09:00
PAY00890,O00890,Failed,0.00,2026-05-05T07:50:00+09:00
PAY00891,O00891,Success,2953.79,2026-05-05T07:57:00+09:00
PAY00892,O00892,Success,3301.70,2026-05-05T08:04:00+09:00
PAY00893,O00893,Success,782.90,2026-05-05T08:11:00+09:00
PAY00894,O00894,Success,2135.25,2026-05-05T08:18:00+09:00
PAY00895,O00895,Success,1959.68,2026-05-05T08:25:00+09:00
PAY00896,O00896,Success,1163.88,2026-05-05T08:32:00+09:00
PAY00897,O00897,Success,4298.63,2026-05-05T08:39:00+09:00
PAY00898,O00898,RetrySuccess,1579.58,2026-05-05T08:46:00+09:00
PAY00899,O00899,Failed,0.00,2026-05-05T08:53:00+09:00
PAY00900,O00900,Failed,0.00,2026-05-05T09:00:00+09:00
PAY00901,O00901,Success,3270.81,2026-05-05T09:07:00+09:00
PAY00902,O00902,RetrySuccess,1490.21,2026-05-05T09:14:00+09:00
PAY00903,O00903,Failed,0.00,2026-05-05T09:21:00+09:00
PAY00904,O00904,Failed,0.00,2026-05-05T09:28:00+09:00
PAY00905,O00905,Failed,0.00,2026-05-05T09:35:00+09:00
PAY00906,O00906,RetrySuccess,380.34,2026-05-05T09:42:00+09:00
PAY00907,O00907,RetrySuccess,727.10,2026-05-05T09:49:00+09:00
PAY00908,O00908,Failed,0.00,2026-05-05T09:56:00+09:00
PAY00909,O00909,Success,4261.44,2026-05-05T10:03:00+09:00
PAY00910,O00910,Success,2014.35,2026-05-05T10:10:00+09:00
PAY00911,O00911,Success,1014.23,2026-05-05T10:17:00+09:00
PAY00912,O00912,Failed,0.00,2026-05-05T10:24:00+09:00
PAY00913,O00913,Failed,0.00,2026-05-05T10:31:00+09:00
PAY00914,O00914,Success,640.94,2026-05-05T10:38:00+09:00
PAY00915,O00915,RetrySuccess,1430.52,2026-05-05T10:45:00+09:00
PAY00916,O00916,Failed,0.00,2026-05-05T10:52:00+09:00
PAY00917,O00917,RetrySuccess,1531.27,2026-05-05T10:59:00+09:00
PAY00918,O00918,RetrySuccess,1372.54,2026-05-05T11:06:00+09:00
PAY00919,O00919,Success,2548.12,2026-05-05T11:13:00+09:00
PAY00920,O00920,Failed,0.00,2026-05-05T11:20:00+09:00
PAY00921,O00921,Success,1589.54,2026-05-05T11:27:00+09:00
PAY00922,O00922,Success,2015.28,2026-05-05T11:34:00+09:00
PAY00923,O00923,Failed,0.00,2026-05-05T11:41:00+09:00
PAY00924,O00924,Failed,0.00,2026-05-05T11:48:00+09:00
PAY00925,O00925,RetrySuccess,2404.84,2026-05-05T11:55:00+09:00
PAY00926,O00926,RetrySuccess,2312.76,2026-05-05T12:02:00+09:00
PAY00927,O00927,Failed,0.00,2026-05-05T12:09:00+09:00
PAY00928,O00928,Success,2484.60,2026-05-05T12:16:00+09:00
PAY00929,O00929,Failed,0.00,2026-05-05T12:23:00+09:00
PAY00930,O00930,Failed,0.00,2026-05-05T12:30:00+09:00
PAY00931,O00931,Success,593.49,2026-05-05T12:37:00+09:00
PAY00932,O00932,Success,146.82,2026-05-05T12:44:00+09:00
PAY00933,O00933,Success,898.61,2026-05-05T12:51:00+09:00
PAY00934,O00934,Failed,0.00,2026-05-05T12:58:00+09:00
PAY00935,O00935,Failed,0.00,2026-05-05T13:05:00+09:00
PAY00936,O00936,Success,1542.50,2026-05-05T13:12:00+09:00
PAY00937,O00937,Success,1030.09,2026-05-05T13:19:00+09:00
PAY00938,O00938,Success,543.65,2026-05-05T13:26:00+09:00
PAY00939,O00939,RetrySuccess,1439.33,2026-05-05T13:33:00+09:00
PAY00940,O00940,Failed,0.00,2026-05-05T13:40:00+09:00
PAY00941,O00941,RetrySuccess,1333.29,2026-05-05T13:47:00+09:00
PAY00942,O00942,Failed,0.00,2026-05-05T13:54:00+09:00
PAY00943,O00943,Failed,0.00,2026-05-05T14:01:00+09:00
PAY00944,O00944,Failed,0.00,2026-05-05T14:08:00+09:00
PAY00945,O00945,Failed,0.00,2026-05-05T14:15:00+09:00
PAY00946,O00946,Failed,0.00,2026-05-05T14:22:00+09:00
PAY00947,O00947,Success,702.05,2026-05-05T14:29:00+09:00
PAY00948,O00948,RetrySuccess,949.51,2026-05-05T14:36:00+09:00
PAY00949,O00949,Failed,0.00,2026-05-05T14:43:00+09:00
PAY00950,O00950,Success,1913.86,2026-05-05T14:50:00+09:00
PAY00951,O00951,Success,601.53,2026-05-05T14:57:00+09:00
PAY00952,O00952,Failed,0.00,2026-05-05T15:04:00+09:00
PAY00953,O00953,Failed,0.00,2026-05-05T15:11:00+09:00
PAY00954,O00954,Success,1706.68,2026-05-05T15:18:00+09:00
PAY00955,O00955,Failed,0.00,2026-05-05T15:25:00+09:00
PAY00956,O00956,Success,1314.43,2026-05-05T15:32:00+09:00
PAY00957,O00957,Success,3074.88,2026-05-05T15:39:00+09:00
PAY00958,O00958,Failed,0.00,2026-05-05T15:46:00+09:00
PAY00959,O00959,Success,780.13,2026-05-05T15:53:00+09:00
PAY00960,O00960,Failed,0.00,2026-05-05T16:00:00+09:00
PAY00961,O00961,Failed,0.00,2026-05-05T16:07:00+09:00
PAY00962,O00962,Success,3952.68,2026-05-05T16:14:00+09:00
PAY00963,O00963,Failed,0.00,2026-05-05T16:21:00+09:00
PAY00964,O00964,RetrySuccess,3087.10,2026-05-05T16:28:00+09:00
PAY00965,O00965,Failed,0.00,2026-05-05T16:35:00+09:00
PAY00966,O00966,Success,497.64,2026-05-05T16:42:00+09:00
PAY00967,O00967,Success,2642.87,2026-05-05T16:49:00+09:00
PAY00968,O00968,RetrySuccess,5253.63,2026-05-05T16:56:00+09:00
PAY00969,O00969,Failed,0.00,2026-05-05T17:03:00+09:00
PAY00970,O00970,Success,304.71,2026-05-05T17:10:00+09:00
PAY00971,O00971,Failed,0.00,2026-05-05T17:17:00+09:00
PAY00972,O00972,Success,2369.03,2026-05-05T17:24:00+09:00
PAY00973,O00973,Failed,0.00,2026-05-05T17:31:00+09:00
PAY00974,O00974,Failed,0.00,2026-05-05T17:38:00+09:00
PAY00975,O00975,Success,3125.93,2026-05-05T17:45:00+09:00
PAY00976,O00976,Failed,0.00,2026-05-05T17:52:00+09:00
PAY00977,O00977,Failed,0.00,2026-05-05T17:59:00+09:00
PAY00978,O00978,Failed,0.00,2026-05-05T18:06:00+09:00
PAY00979,O00979,Success,857.44,2026-05-05T18:13:00+09:00
PAY00980,O00980,RetrySuccess,667.63,2026-05-05T18:20:00+09:00
PAY00981,O00981,Success,2435.10,2026-05-05T18:27:00+09:00
PAY00982,O00982,RetrySuccess,1126.61,2026-05-05T18:34:00+09:00
PAY00983,O00983,Failed,0.00,2026-05-05T18:41:00+09:00
PAY00984,O00984,Success,680.85,2026-05-05T18:48:00+09:00
PAY00985,O00985,Success,587.28,2026-05-05T18:55:00+09:00
PAY00986,O00986,Success,3455.89,2026-05-05T19:02:00+09:00
PAY00987,O00987,Success,2244.05,2026-05-05T19:09:00+09:00
PAY00988,O00988,Failed,0.00,2026-05-05T19:16:00+09:00
PAY00989,O00989,Failed,0.00,2026-05-05T19:23:00+09:00
PAY00990,O00990,Failed,0.00,2026-05-05T19:30:00+09:00
PAY00991,O00991,RetrySuccess,776.75,2026-05-05T19:37:00+09:00
PAY00992,O00992,Failed,0.00,2026-05-05T19:44:00+09:00
PAY00993,O00993,Success,177.60,2026-05-05T19:51:00+09:00
PAY00994,O00994,Success,746.73,2026-05-05T19:58:00+09:00
PAY00995,O00995,RetrySuccess,1060.36,2026-05-05T20:05:00+09:00
PAY00996,O00996,Success,514.89,2026-05-05T20:12:00+09:00
PAY00997,O00997,Failed,0.00,2026-05-05T20:19:00+09:00
PAY00998,O00998,Success,1970.00,2026-05-05T20:26:00+09:00
PAY00999,O00999,Failed,0.00,2026-05-05T20:33:00+09:00
PAY01000,O01000,RetrySuccess,253.98,2026-05-05T20:40:00+09:00
PAY01001,O01001,Failed,0.00,2026-05-05T20:47:00+09:00
PAY01002,O01002,Success,3001.38,2026-05-05T20:54:00+09:00
PAY01003,O01003,Failed,0.00,2026-05-05T21:01:00+09:00
PAY01004,O01004,RetrySuccess,760.75,2026-05-05T21:08:00+09:00
PAY01005,O01005,RetrySuccess,568.95,2026-05-05T21:15:00+09:00
PAY01006,O01006,RetrySuccess,359.38,2026-05-05T21:22:00+09:00
PAY01007,O01007,Failed,0.00,2026-05-05T21:29:00+09:00
PAY01008,O01008,Failed,0.00,2026-05-05T21:36:00+09:00
PAY01009,O01009,RetrySuccess,1916.99,2026-05-05T21:43:00+09:00
PAY01010,O01010,Success,1417.85,2026-05-05T21:50:00+09:00
PAY01011,O01011,Success,1478.71,2026-05-05T21:57:00+09:00
PAY01012,O01012,RetrySuccess,2836.34,2026-05-05T22:04:00+09:00
PAY01013,O01013,Success,1223.81,2026-05-05T22:11:00+09:00
PAY01014,O01014,Success,1037.78,2026-05-05T22:18:00+09:00
PAY01015,O01015,Success,301.34,2026-05-05T22:25:00+09:00
PAY01016,O01016,Failed,0.00,2026-05-05T22:32:00+09:00
PAY01017,O01017,Failed,0.00,2026-05-05T22:39:00+09:00
PAY01018,O01018,Failed,0.00,2026-05-05T22:46:00+09:00
PAY01019,O01019,RetrySuccess,484.82,2026-05-05T22:53:00+09:00
PAY01020,O01020,Failed,0.00,2026-05-05T23:00:00+09:00
PAY01021,O01021,Failed,0.00,2026-05-05T23:07:00+09:00
PAY01022,O01022,RetrySuccess,2018.27,2026-05-05T23:14:00+09:00
PAY01023,O01023,Failed,0.00,2026-05-05T23:21:00+09:00
PAY01024,O01024,Success,4261.82,2026-05-05T23:28:00+09:00
PAY01025,O01025,Success,1070.44,2026-05-05T23:35:00+09:00
PAY01026,O01026,Success,1005.33,2026-05-05T23:42:00+09:00
PAY01027,O01027,Success,2560.58,2026-05-05T23:49:00+09:00
PAY01028,O01028,Success,2064.16,2026-05-05T23:56:00+09:00
PAY01029,O01029,Failed,0.00,2026-05-06T00:03:00+09:00
PAY01030,O01030,RetrySuccess,2640.41,2026-05-06T00:10:00+09:00
PAY01031,O01031,Failed,0.00,2026-05-06T00:17:00+09:00
PAY01032,O01032,Failed,0.00,2026-05-06T00:24:00+09:00
PAY01033,O01033,Failed,0.00,2026-05-06T00:31:00+09:00
PAY01034,O01034,RetrySuccess,1157.35,2026-05-06T00:38:00+09:00
PAY01035,O01035,Success,2940.28,2026-05-06T00:45:00+09:00
PAY01036,O01036,RetrySuccess,614.11,2026-05-06T00:52:00+09:00
PAY01037,O01037,Failed,0.00,2026-05-06T00:59:00+09:00
PAY01038,O01038,Failed,0.00,2026-05-06T01:06:00+09:00
PAY01039,O01039,Success,548.79,2026-05-06T01:13:00+09:00
PAY01040,O01040,Success,675.13,2026-05-06T01:20:00+09:00
PAY01041,O01041,Failed,0.00,2026-05-06T01:27:00+09:00
PAY01042,O01042,Failed,0.00,2026-05-06T01:34:00+09:00
PAY01043,O01043,Failed,0.00,2026-05-06T01:41:00+09:00
PAY01044,O01044,Success,540.58,2026-05-06T01:48:00+09:00
PAY01045,O01045,RetrySuccess,1659.99,2026-05-06T01:55:00+09:00
PAY01046,O01046,RetrySuccess,2060.99,2026-05-06T02:02:00+09:00
PAY01047,O01047,Success,2358.55,2026-05-06T02:09:00+09:00
PAY01048,O01048,Failed,0.00,2026-05-06T02:16:00+09:00
PAY01049,O01049,RetrySuccess,2275.58,2026-05-06T02:23:00+09:00
PAY01050,O01050,RetrySuccess,1083.67,2026-05-06T02:30:00+09:00
PAY01051,O01051,Failed,0.00,2026-05-06T02:37:00+09:00
PAY01052,O01052,Failed,0.00,2026-05-06T02:44:00+09:00
PAY01053,O01053,Failed,0.00,2026-05-06T02:51:00+09:00
PAY01054,O01054,Failed,0.00,2026-05-06T02:58:00+09:00
PAY01055,O01055,Failed,0.00,2026-05-06T03:05:00+09:00
PAY01056,O01056,Success,504.42,2026-05-06T03:12:00+09:00
PAY01057,O01057,Success,3581.22,2026-05-06T03:19:00+09:00
PAY01058,O01058,Success,554.81,2026-05-06T03:26:00+09:00
PAY01059,O01059,Failed,0.00,2026-05-06T03:33:00+09:00
PAY01060,O01060,Success,2995.97,2026-05-06T03:40:00+09:00
PAY01061,O01061,RetrySuccess,638.23,2026-05-06T03:47:00+09:00
PAY01062,O01062,RetrySuccess,64.43,2026-05-06T03:54:00+09:00
PAY01063,O01063,Success,878.50,2026-05-06T04:01:00+09:00
PAY01064,O01064,RetrySuccess,2965.83,2026-05-06T04:08:00+09:00
PAY01065,O01065,Success,1390.86,2026-05-06T04:15:00+09:00
PAY01066,O01066,Failed,0.00,2026-05-06T04:22:00+09:00
PAY01067,O01067,Success,925.40,2026-05-06T04:29:00+09:00
PAY01068,O01068,RetrySuccess,2822.87,2026-05-06T04:36:00+09:00
PAY01069,O01069,Failed,0.00,2026-05-06T04:43:00+09:00
PAY01070,O01070,Failed,0.00,2026-05-06T04:50:00+09:00
PAY01071,O01071,Success,2248.66,2026-05-06T04:57:00+09:00
PAY01072,O01072,Failed,0.00,2026-05-06T05:04:00+09:00
PAY01073,O01073,Success,1550.07,2026-05-06T05:11:00+09:00
PAY01074,O01074,RetrySuccess,1919.84,2026-05-06T05:18:00+09:00
PAY01075,O01075,RetrySuccess,208.45,2026-05-06T05:25:00+09:00
PAY01076,O01076,RetrySuccess,1709.90,2026-05-06T05:32:00+09:00
PAY01077,O01077,Failed,0.00,2026-05-06T05:39:00+09:00
PAY01078,O01078,Failed,0.00,2026-05-06T05:46:00+09:00
PAY01079,O01079,Success,2232.61,2026-05-06T05:53:00+09:00
PAY01080,O01080,Failed,0.00,2026-05-06T06:00:00+09:00
PAY01081,O01081,RetrySuccess,1630.23,2026-05-06T06:07:00+09:00
PAY01082,O01082,Success,653.81,2026-05-06T06:14:00+09:00
PAY01083,O01083,RetrySuccess,2319.66,2026-05-06T06:21:00+09:00
PAY01084,O01084,Success,903.07,2026-05-06T06:28:00+09:00
PAY01085,O01085,RetrySuccess,1856.55,2026-05-06T06:35:00+09:00
PAY01086,O01086,Success,3656.35,2026-05-06T06:42:00+09:00
PAY01087,O01087,Success,874.43,2026-05-06T06:49:00+09:00
PAY01088,O01088,Success,4528.83,2026-05-06T06:56:00+09:00
PAY01089,O01089,Success,1190.53,2026-05-06T07:03:00+09:00
PAY01090,O01090,Success,1669.85,2026-05-06T07:10:00+09:00
PAY01091,O01091,Success,1720.34,2026-05-06T07:17:00+09:00
PAY01092,O01092,Success,2847.57,2026-05-06T07:24:00+09:00
PAY01093,O01093,Failed,0.00,2026-05-06T07:31:00+09:00
PAY01094,O01094,Failed,0.00,2026-05-06T07:38:00+09:00
PAY01095,O01095,Success,2389.00,2026-05-06T07:45:00+09:00
PAY01096,O01096,RetrySuccess,2614.97,2026-05-06T07:52:00+09:00
PAY01097,O01097,Success,2657.27,2026-05-06T07:59:00+09:00
PAY01098,O01098,Success,1608.15,2026-05-06T08:06:00+09:00
PAY01099,O01099,Failed,0.00,2026-05-06T08:13:00+09:00
PAY01100,O01100,Success,1459.23,2026-05-06T08:20:00+09:00
PAY01101,O01101,Failed,0.00,2026-05-06T08:27:00+09:00
PAY01102,O01102,RetrySuccess,832.04,2026-05-06T08:34:00+09:00
PAY01103,O01103,RetrySuccess,1682.72,2026-05-06T08:41:00+09:00
PAY01104,O01104,Success,448.24,2026-05-06T08:48:00+09:00
PAY01105,O01105,Success,3677.96,2026-05-06T08:55:00+09:00
PAY01106,O01106,RetrySuccess,2451.35,2026-05-06T09:02:00+09:00
PAY01107,O01107,Failed,0.00,2026-05-06T09:09:00+09:00
PAY01108,O01108,Failed,0.00,2026-05-06T09:16:00+09:00
PAY01109,O01109,Success,109.93,2026-05-06T09:23:00+09:00
PAY01110,O01110,Success,1004.18,2026-05-06T09:30:00+09:00
PAY01111,O01111,Failed,0.00,2026-05-06T09:37:00+09:00
PAY01112,O01112,Failed,0.00,2026-05-06T09:44:00+09:00
PAY01113,O01113,Success,1285.08,2026-05-06T09:51:00+09:00
PAY01114,O01114,Success,1420.22,2026-05-06T09:58:00+09:00
PAY01115,O01115,RetrySuccess,3200.12,2026-05-06T10:05:00+09:00
PAY01116,O01116,Success,1113.19,2026-05-06T10:12:00+09:00
PAY01117,O01117,Success,3823.00,2026-05-06T10:19:00+09:00
PAY01118,O01118,RetrySuccess,342.49,2026-05-06T10:26:00+09:00
PAY01119,O01119,Failed,0.00,2026-05-06T10:33:00+09:00
PAY01120,O01120,Success,2531.61,2026-05-06T10:40:00+09:00
PAY01121,O01121,Failed,0.00,2026-05-06T10:47:00+09:00
PAY01122,O01122,Success,2239.58,2026-05-06T10:54:00+09:00
PAY01123,O01123,Success,1635.39,2026-05-06T11:01:00+09:00
PAY01124,O01124,Success,2392.46,2026-05-06T11:08:00+09:00
PAY01125,O01125,Success,1088.34,2026-05-06T11:15:00+09:00
PAY01126,O01126,Failed,0.00,2026-05-06T11:22:00+09:00
PAY01127,O01127,Success,1375.29,2026-05-06T11:29:00+09:00
PAY01128,O01128,Success,314.20,2026-05-06T11:36:00+09:00
PAY01129,O01129,Failed,0.00,2026-05-06T11:43:00+09:00
PAY01130,O01130,Success,2931.36,2026-05-06T11:50:00+09:00
PAY01131,O01131,Failed,0.00,2026-05-06T11:57:00+09:00
PAY01132,O01132,Success,1980.35,2026-05-06T12:04:00+09:00
PAY01133,O01133,Success,1364.59,2026-05-06T12:11:00+09:00
PAY01134,O01134,Success,91.27,2026-05-06T12:18:00+09:00
PAY01135,O01135,RetrySuccess,2964.90,2026-05-06T12:25:00+09:00
PAY01136,O01136,Success,2776.71,2026-05-06T12:32:00+09:00
PAY01137,O01137,Success,1699.81,2026-05-06T12:39:00+09:00
PAY01138,O01138,Success,2373.30,2026-05-06T12:46:00+09:00
PAY01139,O01139,RetrySuccess,2561.88,2026-05-06T12:53:00+09:00
PAY01140,O01140,Success,2510.58,2026-05-06T13:00:00+09:00
PAY01141,O01141,RetrySuccess,3280.15,2026-05-06T13:07:00+09:00
PAY01142,O01142,Failed,0.00,2026-05-06T13:14:00+09:00
PAY01143,O01143,Failed,0.00,2026-05-06T13:21:00+09:00
PAY01144,O01144,Failed,0.00,2026-05-06T13:28:00+09:00
PAY01145,O01145,Failed,0.00,2026-05-06T13:35:00+09:00
PAY01146,O01146,RetrySuccess,242.97,2026-05-06T13:42:00+09:00
PAY01147,O01147,Success,2224.15,2026-05-06T13:49:00+09:00
PAY01148,O01148,Success,1855.74,2026-05-06T13:56:00+09:00
PAY01149,O01149,Failed,0.00,2026-05-06T14:03:00+09:00
PAY01150,O01150,Failed,0.00,2026-05-06T14:10:00+09:00
PAY01151,O01151,Success,2007.01,2026-05-06T14:17:00+09:00
PAY01152,O01152,Failed,0.00,2026-05-06T14:24:00+09:00
PAY01153,O01153,RetrySuccess,3900.77,2026-05-06T14:31:00+09:00
PAY01154,O01154,Failed,0.00,2026-05-06T14:38:00+09:00
PAY01155,O01155,Success,2166.19,2026-05-06T14:45:00+09:00
PAY01156,O01156,Failed,0.00,2026-05-06T14:52:00+09:00
PAY01157,O01157,RetrySuccess,3102.54,2026-05-06T14:59:00+09:00
PAY01158,O01158,Success,1331.28,2026-05-06T15:06:00+09:00
PAY01159,O01159,RetrySuccess,2012.43,2026-05-06T15:13:00+09:00
PAY01160,O01160,Failed,0.00,2026-05-06T15:20:00+09:00
PAY01161,O01161,Failed,0.00,2026-05-06T15:27:00+09:00
PAY01162,O01162,Failed,0.00,2026-05-06T15:34:00+09:00
PAY01163,O01163,Failed,0.00,2026-05-06T15:41:00+09:00
PAY01164,O01164,Failed,0.00,2026-05-06T15:48:00+09:00
PAY01165,O01165,Failed,0.00,2026-05-06T15:55:00+09:00
PAY01166,O01166,Success,1223.50,2026-05-06T16:02:00+09:00
PAY01167,O01167,Success,325.08,2026-05-06T16:09:00+09:00
PAY01168,O01168,Success,2149.93,2026-05-06T16:16:00+09:00
PAY01169,O01169,Success,1359.23,2026-05-06T16:23:00+09:00
PAY01170,O01170,Success,4072.70,2026-05-06T16:30:00+09:00
PAY01171,O01171,RetrySuccess,1556.01,2026-05-06T16:37:00+09:00
PAY01172,O01172,Success,887.44,2026-05-06T16:44:00+09:00
PAY01173,O01173,RetrySuccess,2899.62,2026-05-06T16:51:00+09:00
PAY01174,O01174,Success,983.09,2026-05-06T16:58:00+09:00
PAY01175,O01175,Failed,0.00,2026-05-06T17:05:00+09:00
PAY01176,O01176,Success,2214.70,2026-05-06T17:12:00+09:00
PAY01177,O01177,Failed,0.00,2026-05-06T17:19:00+09:00
PAY01178,O01178,Success,264.52,2026-05-06T17:26:00+09:00
PAY01179,O01179,Failed,0.00,2026-05-06T17:33:00+09:00
PAY01180,O01180,Failed,0.00,2026-05-06T17:40:00+09:00
PAY01181,O01181,Success,256.25,2026-05-06T17:47:00+09:00
PAY01182,O01182,RetrySuccess,4086.72,2026-05-06T17:54:00+09:00
PAY01183,O01183,Success,1302.98,2026-05-06T18:01:00+09:00
PAY01184,O01184,Success,1217.74,2026-05-06T18:08:00+09:00
PAY01185,O01185,Success,1458.82,2026-05-06T18:15:00+09:00
PAY01186,O01186,Failed,0.00,2026-05-06T18:22:00+09:00
PAY01187,O01187,Success,565.90,2026-05-06T18:29:00+09:00
PAY01188,O01188,Failed,0.00,2026-05-06T18:36:00+09:00
PAY01189,O01189,Failed,0.00,2026-05-06T18:43:00+09:00
PAY01190,O01190,Failed,0.00,2026-05-06T18:50:00+09:00
PAY01191,O01191,RetrySuccess,177.12,2026-05-06T18:57:00+09:00
PAY01192,O01192,Failed,0.00,2026-05-06T19:04:00+09:00
PAY01193,O01193,Success,2575.75,2026-05-06T19:11:00+09:00
PAY01194,O01194,Failed,0.00,2026-05-06T19:18:00+09:00
PAY01195,O01195,Success,1067.14,2026-05-06T19:25:00+09:00
PAY01196,O01196,Success,2461.43,2026-05-06T19:32:00+09:00
PAY01197,O01197,RetrySuccess,223.68,2026-05-06T19:39:00+09:00
PAY01198,O01198,Success,555.64,2026-05-06T19:46:00+09:00
PAY01199,O01199,Failed,0.00,2026-05-06T19:53:00+09:00
PAY01200,O01200,Success,1203.18,2026-05-06T20:00:00+09:00
PAY01201,O01201,Success,3867.42,2026-05-06T20:07:00+09:00
PAY01202,O01202,Success,609.65,2026-05-06T20:14:00+09:00
PAY01203,O01203,Success,1900.28,2026-05-06T20:21:00+09:00
PAY01204,O01204,Failed,0.00,2026-05-06T20:28:00+09:00
PAY01205,O01205,RetrySuccess,2574.25,2026-05-06T20:35:00+09:00
PAY01206,O01206,Failed,0.00,2026-05-06T20:42:00+09:00
PAY01207,O01207,Failed,0.00,2026-05-06T20:49:00+09:00
PAY01208,O01208,Failed,0.00,2026-05-06T20:56:00+09:00
PAY01209,O01209,RetrySuccess,1592.52,2026-05-06T21:03:00+09:00
PAY01210,O01210,Failed,0.00,2026-05-06T21:10:00+09:00
PAY01211,O01211,Success,3977.40,2026-05-06T21:17:00+09:00
PAY01212,O01212,Success,192.63,2026-05-06T21:24:00+09:00
PAY01213,O01213,Failed,0.00,2026-05-06T21:31:00+09:00
PAY01214,O01214,Success,3019.31,2026-05-06T21:38:00+09:00
PAY01215,O01215,Success,1558.97,2026-05-06T21:45:00+09:00
PAY01216,O01216,RetrySuccess,658.10,2026-05-06T21:52:00+09:00
PAY01217,O01217,Failed,0.00,2026-05-06T21:59:00+09:00
PAY01218,O01218,Failed,0.00,2026-05-06T22:06:00+09:00
PAY01219,O01219,Success,423.97,2026-05-06T22:13:00+09:00
PAY01220,O01220,Failed,0.00,2026-05-06T22:20:00+09:00
PAY01221,O01221,Failed,0.00,2026-05-06T22:27:00+09:00
PAY01222,O01222,Success,1453.25,2026-05-06T22:34:00+09:00
PAY01223,O01223,Failed,0.00,2026-05-06T22:41:00+09:00
PAY01224,O01224,Failed,0.00,2026-05-06T22:48:00+09:00
PAY01225,O01225,Failed,0.00,2026-05-06T22:55:00+09:00
PAY01226,O01226,Success,2137.71,2026-05-06T23:02:00+09:00
PAY01227,O01227,Success,430.91,2026-05-06T23:09:00+09:00
PAY01228,O01228,RetrySuccess,734.27,2026-05-06T23:16:00+09:00
PAY01229,O01229,Success,1081.89,2026-05-06T23:23:00+09:00
PAY01230,O01230,Failed,0.00,2026-05-06T23:30:00+09:00
PAY01231,O01231,Failed,0.00,2026-05-06T23:37:00+09:00
PAY01232,O01232,RetrySuccess,1680.63,2026-05-06T23:44:00+09:00
PAY01233,O01233,RetrySuccess,2330.67,2026-05-06T23:51:00+09:00
PAY01234,O01234,Success,740.99,2026-05-06T23:58:00+09:00
PAY01235,O01235,Success,1288.61,2026-05-07T00:05:00+09:00
PAY01236,O01236,Success,2564.97,2026-05-07T00:12:00+09:00
PAY01237,O01237,Failed,0.00,2026-05-07T00:19:00+09:00
PAY01238,O01238,Failed,0.00,2026-05-07T00:26:00+09:00
PAY01239,O01239,Failed,0.00,2026-05-07T00:33:00+09:00
PAY01240,O01240,Success,196.43,2026-05-07T00:40:00+09:00
PAY01241,O01241,Success,4611.78,2026-05-07T00:47:00+09:00
PAY01242,O01242,RetrySuccess,859.15,2026-05-07T00:54:00+09:00
PAY01243,O01243,RetrySuccess,1390.67,2026-05-07T01:01:00+09:00
PAY01244,O01244,Failed,0.00,2026-05-07T01:08:00+09:00
PAY01245,O01245,RetrySuccess,1745.72,2026-05-07T01:15:00+09:00
PAY01246,O01246,Failed,0.00,2026-05-07T01:22:00+09:00
PAY01247,O01247,RetrySuccess,554.16,2026-05-07T01:29:00+09:00
PAY01248,O01248,Success,1875.46,2026-05-07T01:36:00+09:00
PAY01249,O01249,Success,614.79,2026-05-07T01:43:00+09:00
PAY01250,O01250,RetrySuccess,2041.90,2026-05-07T01:50:00+09:00
PAY01251,O01251,Success,572.20,2026-05-07T01:57:00+09:00
PAY01252,O01252,Success,1287.38,2026-05-07T02:04:00+09:00
PAY01253,O01253,Success,1564.30,2026-05-07T02:11:00+09:00
PAY01254,O01254,Failed,0.00,2026-05-07T02:18:00+09:00
PAY01255,O01255,Failed,0.00,2026-05-07T02:25:00+09:00
PAY01256,O01256,Failed,0.00,2026-05-07T02:32:00+09:00
PAY01257,O01257,Failed,0.00,2026-05-07T02:39:00+09:00
PAY01258,O01258,Failed,0.00,2026-05-07T02:46:00+09:00
PAY01259,O01259,RetrySuccess,864.63,2026-05-07T02:53:00+09:00
PAY01260,O01260,Failed,0.00,2026-05-07T03:00:00+09:00
PAY01261,O01261,Failed,0.00,2026-05-07T03:07:00+09:00
PAY01262,O01262,Success,1390.18,2026-05-07T03:14:00+09:00
PAY01263,O01263,RetrySuccess,307.17,2026-05-07T03:21:00+09:00
PAY01264,O01264,Failed,0.00,2026-05-07T03:28:00+09:00
PAY01265,O01265,Success,1949.38,2026-05-07T03:35:00+09:00
PAY01266,O01266,Success,1107.51,2026-05-07T03:42:00+09:00
PAY01267,O01267,Success,3303.45,2026-05-07T03:49:00+09:00
PAY01268,O01268,Success,2314.56,2026-05-07T03:56:00+09:00
PAY01269,O01269,Failed,0.00,2026-05-07T04:03:00+09:00
PAY01270,O01270,Success,3429.48,2026-05-07T04:10:00+09:00
PAY01271,O01271,Success,1844.45,2026-05-07T04:17:00+09:00
PAY01272,O01272,RetrySuccess,2083.89,2026-05-07T04:24:00+09:00
PAY01273,O01273,Success,1405.04,2026-05-07T04:31:00+09:00
PAY01274,O01274,Failed,0.00,2026-05-07T04:38:00+09:00
PAY01275,O01275,Success,1599.76,2026-05-07T04:45:00+09:00
PAY01276,O01276,Failed,0.00,2026-05-07T04:52:00+09:00
PAY01277,O01277,Success,578.12,2026-05-07T04:59:00+09:00
PAY01278,O01278,Failed,0.00,2026-05-07T05:06:00+09:00
PAY01279,O01279,Success,956.18,2026-05-07T05:13:00+09:00
PAY01280,O01280,Success,1018.55,2026-05-07T05:20:00+09:00
PAY01281,O01281,Failed,0.00,2026-05-07T05:27:00+09:00
PAY01282,O01282,Success,2573.97,2026-05-07T05:34:00+09:00
PAY01283,O01283,Failed,0.00,2026-05-07T05:41:00+09:00
PAY01284,O01284,Failed,0.00,2026-05-07T05:48:00+09:00
PAY01285,O01285,RetrySuccess,265.40,2026-05-07T05:55:00+09:00
PAY01286,O01286,Failed,0.00,2026-05-07T06:02:00+09:00
PAY01287,O01287,Failed,0.00,2026-05-07T06:09:00+09:00
PAY01288,O01288,Success,218.72,2026-05-07T06:16:00+09:00
PAY01289,O01289,RetrySuccess,969.81,2026-05-07T06:23:00+09:00
PAY01290,O01290,Success,1669.64,2026-05-07T06:30:00+09:00
PAY01291,O01291,Success,1796.50,2026-05-07T06:37:00+09:00
PAY01292,O01292,Failed,0.00,2026-05-07T06:44:00+09:00
PAY01293,O01293,Failed,0.00,2026-05-07T06:51:00+09:00
PAY01294,O01294,RetrySuccess,1362.29,2026-05-07T06:58:00+09:00
PAY01295,O01295,Success,551.86,2026-05-07T07:05:00+09:00
PAY01296,O01296,Success,2587.35,2026-05-07T07:12:00+09:00
PAY01297,O01297,RetrySuccess,4145.04,2026-05-07T07:19:00+09:00
PAY01298,O01298,RetrySuccess,1526.47,2026-05-07T07:26:00+09:00
PAY01299,O01299,RetrySuccess,2438.71,2026-05-07T07:33:00+09:00
PAY01300,O01300,Success,1697.67,2026-05-07T07:40:00+09:00
PAY01301,O01301,Failed,0.00,2026-05-07T07:47:00+09:00
PAY01302,O01302,Success,879.22,2026-05-07T07:54:00+09:00
PAY01303,O01303,Success,3741.01,2026-05-07T08:01:00+09:00
PAY01304,O01304,Success,1900.98,2026-05-07T08:08:00+09:00
PAY01305,O01305,Failed,0.00,2026-05-07T08:15:00+09:00
PAY01306,O01306,Failed,0.00,2026-05-07T08:22:00+09:00
PAY01307,O01307,Success,1098.20,2026-05-07T08:29:00+09:00
PAY01308,O01308,Success,67.93,2026-05-07T08:36:00+09:00
PAY01309,O01309,Failed,0.00,2026-05-07T08:43:00+09:00
PAY01310,O01310,RetrySuccess,1607.30,2026-05-07T08:50:00+09:00
PAY01311,O01311,Failed,0.00,2026-05-07T08:57:00+09:00
PAY01312,O01312,Success,1343.45,2026-05-07T09:04:00+09:00
PAY01313,O01313,RetrySuccess,2303.74,2026-05-07T09:11:00+09:00
PAY01314,O01314,RetrySuccess,1453.23,2026-05-07T09:18:00+09:00
PAY01315,O01315,Failed,0.00,2026-05-07T09:25:00+09:00
PAY01316,O01316,Failed,0.00,2026-05-07T09:32:00+09:00
PAY01317,O01317,RetrySuccess,1012.55,2026-05-07T09:39:00+09:00
PAY01318,O01318,Success,715.36,2026-05-07T09:46:00+09:00
PAY01319,O01319,Failed,0.00,2026-05-07T09:53:00+09:00
PAY01320,O01320,Failed,0.00,2026-05-07T10:00:00+09:00
PAY01321,O01321,RetrySuccess,1719.31,2026-05-07T10:07:00+09:00
PAY01322,O01322,Failed,0.00,2026-05-07T10:14:00+09:00
PAY01323,O01323,Success,4071.44,2026-05-07T10:21:00+09:00
PAY01324,O01324,Success,170.29,2026-05-07T10:28:00+09:00
PAY01325,O01325,Failed,0.00,2026-05-07T10:35:00+09:00
PAY01326,O01326,RetrySuccess,2752.49,2026-05-07T10:42:00+09:00
PAY01327,O01327,Failed,0.00,2026-05-07T10:49:00+09:00
PAY01328,O01328,Failed,0.00,2026-05-07T10:56:00+09:00
PAY01329,O01329,Failed,0.00,2026-05-07T11:03:00+09:00
PAY01330,O01330,Success,3071.70,2026-05-07T11:10:00+09:00
PAY01331,O01331,Failed,0.00,2026-05-07T11:17:00+09:00
PAY01332,O01332,Failed,0.00,2026-05-07T11:24:00+09:00
PAY01333,O01333,Failed,0.00,2026-05-07T11:31:00+09:00
PAY01334,O01334,Success,1692.98,2026-05-07T11:38:00+09:00
PAY01335,O01335,Failed,0.00,2026-05-07T11:45:00+09:00
PAY01336,O01336,Failed,0.00,2026-05-07T11:52:00+09:00
PAY01337,O01337,RetrySuccess,261.63,2026-05-07T11:59:00+09:00
PAY01338,O01338,RetrySuccess,351.10,2026-05-07T12:06:00+09:00
PAY01339,O01339,Success,2429.02,2026-05-07T12:13:00+09:00
PAY01340,O01340,Success,881.56,2026-05-07T12:20:00+09:00
PAY01341,O01341,Success,336.30,2026-05-07T12:27:00+09:00
PAY01342,O01342,Failed,0.00,2026-05-07T12:34:00+09:00
PAY01343,O01343,Failed,0.00,2026-05-07T12:41:00+09:00
PAY01344,O01344,Success,621.67,2026-05-07T12:48:00+09:00
PAY01345,O01345,Success,2983.73,2026-05-07T12:55:00+09:00
PAY01346,O01346,RetrySuccess,857.46,2026-05-07T13:02:00+09:00
PAY01347,O01347,Failed,0.00,2026-05-07T13:09:00+09:00
PAY01348,O01348,Success,452.88,2026-05-07T13:16:00+09:00
PAY01349,O01349,Success,1179.19,2026-05-07T13:23:00+09:00
PAY01350,O01350,Failed,0.00,2026-05-07T13:30:00+09:00
PAY01351,O01351,RetrySuccess,2535.92,2026-05-07T13:37:00+09:00
PAY01352,O01352,Failed,0.00,2026-05-07T13:44:00+09:00
PAY01353,O01353,Failed,0.00,2026-05-07T13:51:00+09:00
PAY01354,O01354,Failed,0.00,2026-05-07T13:58:00+09:00
PAY01355,O01355,Success,1675.16,2026-05-07T14:05:00+09:00
PAY01356,O01356,RetrySuccess,1386.50,2026-05-07T14:12:00+09:00
PAY01357,O01357,Success,902.52,2026-05-07T14:19:00+09:00
PAY01358,O01358,Success,224.56,2026-05-07T14:26:00+09:00
PAY01359,O01359,Success,3020.84,2026-05-07T14:33:00+09:00
PAY01360,O01360,Success,2121.39,2026-05-07T14:40:00+09:00
PAY01361,O01361,Success,400.10,2026-05-07T14:47:00+09:00
PAY01362,O01362,Failed,0.00,2026-05-07T14:54:00+09:00
PAY01363,O01363,Failed,0.00,2026-05-07T15:01:00+09:00
PAY01364,O01364,Success,1712.83,2026-05-07T15:08:00+09:00
PAY01365,O01365,Failed,0.00,2026-05-07T15:15:00+09:00
PAY01366,O01366,Failed,0.00,2026-05-07T15:22:00+09:00
PAY01367,O01367,Success,1246.07,2026-05-07T15:29:00+09:00
PAY01368,O01368,Failed,0.00,2026-05-07T15:36:00+09:00
PAY01369,O01369,Success,1942.20,2026-05-07T15:43:00+09:00
PAY01370,O01370,Failed,0.00,2026-05-07T15:50:00+09:00
PAY01371,O01371,Success,367.64,2026-05-07T15:57:00+09:00
PAY01372,O01372,Success,1408.46,2026-05-07T16:04:00+09:00
PAY01373,O01373,RetrySuccess,98.33,2026-05-07T16:11:00+09:00
PAY01374,O01374,Failed,0.00,2026-05-07T16:18:00+09:00
PAY01375,O01375,Failed,0.00,2026-05-07T16:25:00+09:00
PAY01376,O01376,Success,3652.28,2026-05-07T16:32:00+09:00
PAY01377,O01377,Failed,0.00,2026-05-07T16:39:00+09:00
PAY01378,O01378,Success,1775.69,2026-05-07T16:46:00+09:00
PAY01379,O01379,Success,1500.52,2026-05-07T16:53:00+09:00
PAY01380,O01380,Success,1449.10,2026-05-07T17:00:00+09:00
PAY01381,O01381,Success,972.16,2026-05-07T17:07:00+09:00
PAY01382,O01382,Success,1150.60,2026-05-07T17:14:00+09:00
PAY01383,O01383,Failed,0.00,2026-05-07T17:21:00+09:00
PAY01384,O01384,RetrySuccess,837.62,2026-05-07T17:28:00+09:00
PAY01385,O01385,Failed,0.00,2026-05-07T17:35:00+09:00
PAY01386,O01386,Failed,0.00,2026-05-07T17:42:00+09:00
PAY01387,O01387,Failed,0.00,2026-05-07T17:49:00+09:00
PAY01388,O01388,RetrySuccess,1538.07,2026-05-07T17:56:00+09:00
PAY01389,O01389,Failed,0.00,2026-05-07T18:03:00+09:00
PAY01390,O01390,Failed,0.00,2026-05-07T18:10:00+09:00
PAY01391,O01391,RetrySuccess,171.51,2026-05-07T18:17:00+09:00
PAY01392,O01392,Failed,0.00,2026-05-07T18:24:00+09:00
PAY01393,O01393,Success,1575.33,2026-05-07T18:31:00+09:00
PAY01394,O01394,Success,653.35,2026-05-07T18:38:00+09:00
PAY01395,O01395,Failed,0.00,2026-05-07T18:45:00+09:00
PAY01396,O01396,Failed,0.00,2026-05-07T18:52:00+09:00
PAY01397,O01397,Success,1098.58,2026-05-07T18:59:00+09:00
PAY01398,O01398,Success,1448.05,2026-05-07T19:06:00+09:00
PAY01399,O01399,Success,209.67,2026-05-07T19:13:00+09:00
PAY01400,O01400,Failed,0.00,2026-05-07T19:20:00+09:00
PAY01401,O01401,Success,173.47,2026-05-07T19:27:00+09:00
PAY01402,O01402,RetrySuccess,1998.19,2026-05-07T19:34:00+09:00
PAY01403,O01403,Success,442.35,2026-05-07T19:41:00+09:00
PAY01404,O01404,Success,2685.19,2026-05-07T19:48:00+09:00
PAY01405,O01405,Failed,0.00,2026-05-07T19:55:00+09:00
PAY01406,O01406,RetrySuccess,2321.30,2026-05-07T20:02:00+09:00
PAY01407,O01407,Success,1351.61,2026-05-07T20:09:00+09:00
PAY01408,O01408,Failed,0.00,2026-05-07T20:16:00+09:00
PAY01409,O01409,RetrySuccess,2453.87,2026-05-07T20:23:00+09:00
PAY01410,O01410,RetrySuccess,1716.15,2026-05-07T20:30:00+09:00
PAY01411,O01411,RetrySuccess,750.57,2026-05-07T20:37:00+09:00
PAY01412,O01412,Failed,0.00,2026-05-07T20:44:00+09:00
PAY01413,O01413,Success,564.09,2026-05-07T20:51:00+09:00
PAY01414,O01414,RetrySuccess,394.73,2026-05-07T20:58:00+09:00
PAY01415,O01415,RetrySuccess,235.91,2026-05-07T21:05:00+09:00
PAY01416,O01416,Failed,0.00,2026-05-07T21:12:00+09:00
PAY01417,O01417,Failed,0.00,2026-05-07T21:19:00+09:00
PAY01418,O01418,Success,2533.14,2026-05-07T21:26:00+09:00
PAY01419,O01419,RetrySuccess,1713.51,2026-05-07T21:33:00+09:00
PAY01420,O01420,RetrySuccess,1489.30,2026-05-07T21:40:00+09:00
PAY01421,O01421,Success,834.85,2026-05-07T21:47:00+09:00
PAY01422,O01422,Success,1210.81,2026-05-07T21:54:00+09:00
PAY01423,O01423,Success,1023.22,2026-05-07T22:01:00+09:00
PAY01424,O01424,Success,1252.04,2026-05-07T22:08:00+09:00
PAY01425,O01425,Success,2121.60,2026-05-07T22:15:00+09:00
PAY01426,O01426,Failed,0.00,2026-05-07T22:22:00+09:00
PAY01427,O01427,Failed,0.00,2026-05-07T22:29:00+09:00
PAY01428,O01428,Failed,0.00,2026-05-07T22:36:00+09:00
PAY01429,O01429,RetrySuccess,1992.39,2026-05-07T22:43:00+09:00
PAY01430,O01430,Success,720.11,2026-05-07T22:50:00+09:00
PAY01431,O01431,Failed,0.00,2026-05-07T22:57:00+09:00
PAY01432,O01432,Success,860.52,2026-05-07T23:04:00+09:00
PAY01433,O01433,Success,873.84,2026-05-07T23:11:00+09:00
PAY01434,O01434,Success,4168.91,2026-05-07T23:18:00+09:00
PAY01435,O01435,Success,2410.44,2026-05-07T23:25:00+09:00
PAY01436,O01436,Success,2414.42,2026-05-07T23:32:00+09:00
PAY01437,O01437,Failed,0.00,2026-05-07T23:39:00+09:00
PAY01438,O01438,Success,1858.19,2026-05-07T23:46:00+09:00
PAY01439,O01439,Failed,0.00,2026-05-07T23:53:00+09:00
PAY01440,O01440,Success,4364.26,2026-05-08T00:00:00+09:00
PAY01441,O01441,Success,962.47,2026-05-08T00:07:00+09:00
PAY01442,O01442,Success,1101.78,2026-05-08T00:14:00+09:00
PAY01443,O01443,Failed,0.00,2026-05-08T00:21:00+09:00
PAY01444,O01444,Success,3174.90,2026-05-08T00:28:00+09:00
PAY01445,O01445,Failed,0.00,2026-05-08T00:35:00+09:00
PAY01446,O01446,RetrySuccess,4514.89,2026-05-08T00:42:00+09:00
PAY01447,O01447,Success,1930.06,2026-05-08T00:49:00+09:00
PAY01448,O01448,Failed,0.00,2026-05-08T00:56:00+09:00
PAY01449,O01449,Failed,0.00,2026-05-08T01:03:00+09:00
PAY01450,O01450,Failed,0.00,2026-05-08T01:10:00+09:00
PAY01451,O01451,Failed,0.00,2026-05-08T01:17:00+09:00
PAY01452,O01452,Failed,0.00,2026-05-08T01:24:00+09:00
PAY01453,O01453,Success,3292.34,2026-05-08T01:31:00+09:00
PAY01454,O01454,Success,381.18,2026-05-08T01:38:00+09:00
PAY01455,O01455,Failed,0.00,2026-05-08T01:45:00+09:00
PAY01456,O01456,RetrySuccess,1437.56,2026-05-08T01:52:00+09:00
PAY01457,O01457,Failed,0.00,2026-05-08T01:59:00+09:00
PAY01458,O01458,RetrySuccess,1747.86,2026-05-08T02:06:00+09:00
PAY01459,O01459,Success,532.14,2026-05-08T02:13:00+09:00
PAY01460,O01460,RetrySuccess,1836.17,2026-05-08T02:20:00+09:00
PAY01461,O01461,Success,428.02,2026-05-08T02:27:00+09:00
PAY01462,O01462,Success,2287.44,2026-05-08T02:34:00+09:00
PAY01463,O01463,RetrySuccess,1425.74,2026-05-08T02:41:00+09:00
PAY01464,O01464,Failed,0.00,2026-05-08T02:48:00+09:00
PAY01465,O01465,Success,1367.67,2026-05-08T02:55:00+09:00
PAY01466,O01466,Failed,0.00,2026-05-08T03:02:00+09:00
PAY01467,O01467,Success,2343.19,2026-05-08T03:09:00+09:00
PAY01468,O01468,Failed,0.00,2026-05-08T03:16:00+09:00
PAY01469,O01469,RetrySuccess,596.94,2026-05-08T03:23:00+09:00
PAY01470,O01470,RetrySuccess,652.80,2026-05-08T03:30:00+09:00
PAY01471,O01471,Failed,0.00,2026-05-08T03:37:00+09:00
PAY01472,O01472,Failed,0.00,2026-05-08T03:44:00+09:00
PAY01473,O01473,Failed,0.00,2026-05-08T03:51:00+09:00
PAY01474,O01474,RetrySuccess,1323.69,2026-05-08T03:58:00+09:00
PAY01475,O01475,Failed,0.00,2026-05-08T04:05:00+09:00
PAY01476,O01476,Failed,0.00,2026-05-08T04:12:00+09:00
PAY01477,O01477,Success,2975.24,2026-05-08T04:19:00+09:00
PAY01478,O01478,Success,1815.67,2026-05-08T04:26:00+09:00
PAY01479,O01479,Success,1358.03,2026-05-08T04:33:00+09:00
PAY01480,O01480,Failed,0.00,2026-05-08T04:40:00+09:00
PAY01481,O01481,Success,1902.75,2026-05-08T04:47:00+09:00
PAY01482,O01482,Failed,0.00,2026-05-08T04:54:00+09:00
PAY01483,O01483,Failed,0.00,2026-05-08T05:01:00+09:00
PAY01484,O01484,Failed,0.00,2026-05-08T05:08:00+09:00
PAY01485,O01485,Success,331.63,2026-05-08T05:15:00+09:00
PAY01486,O01486,Success,425.39,2026-05-08T05:22:00+09:00
PAY01487,O01487,Failed,0.00,2026-05-08T05:29:00+09:00
PAY01488,O01488,RetrySuccess,1277.07,2026-05-08T05:36:00+09:00
PAY01489,O01489,Success,768.03,2026-05-08T05:43:00+09:00
PAY01490,O01490,Failed,0.00,2026-05-08T05:50:00+09:00
PAY01491,O01491,Failed,0.00,2026-05-08T05:57:00+09:00
PAY01492,O01492,Success,2046.37,2026-05-08T06:04:00+09:00
PAY01493,O01493,Success,1028.16,2026-05-08T06:11:00+09:00
PAY01494,O01494,Success,564.69,2026-05-08T06:18:00+09:00
PAY01495,O01495,RetrySuccess,830.38,2026-05-08T06:25:00+09:00
PAY01496,O01496,Failed,0.00,2026-05-08T06:32:00+09:00
PAY01497,O01497,Failed,0.00,2026-05-08T06:39:00+09:00
PAY01498,O01498,Failed,0.00,2026-05-08T06:46:00+09:00
PAY01499,O01499,RetrySuccess,2113.99,2026-05-08T06:53:00+09:00
PAY01500,O01500,RetrySuccess,1663.82,2026-05-08T07:00:00+09:00
PAY01501,O01501,Failed,0.00,2026-05-08T07:07:00+09:00
PAY01502,O01502,RetrySuccess,1492.42,2026-05-08T07:14:00+09:00
PAY01503,O01503,RetrySuccess,3115.39,2026-05-08T07:21:00+09:00
PAY01504,O01504,Failed,0.00,2026-05-08T07:28:00+09:00
PAY01505,O01505,RetrySuccess,1109.46,2026-05-08T07:35:00+09:00
PAY01506,O01506,RetrySuccess,1486.66,2026-05-08T07:42:00+09:00
PAY01507,O01507,Failed,0.00,2026-05-08T07:49:00+09:00
PAY01508,O01508,Success,3863.92,2026-05-08T07:56:00+09:00
PAY01509,O01509,Failed,0.00,2026-05-08T08:03:00+09:00
PAY01510,O01510,Failed,0.00,2026-05-08T08:10:00+09:00
PAY01511,O01511,Success,167.01,2026-05-08T08:17:00+09:00
PAY01512,O01512,Success,2365.06,2026-05-08T08:24:00+09:00
PAY01513,O01513,Success,2713.90,2026-05-08T08:31:00+09:00
PAY01514,O01514,Failed,0.00,2026-05-08T08:38:00+09:00
PAY01515,O01515,RetrySuccess,2063.13,2026-05-08T08:45:00+09:00
PAY01516,O01516,Failed,0.00,2026-05-08T08:52:00+09:00
PAY01517,O01517,Success,1368.96,2026-05-08T08:59:00+09:00
PAY01518,O01518,Success,1074.12,2026-05-08T09:06:00+09:00
PAY01519,O01519,Success,1375.41,2026-05-08T09:13:00+09:00
PAY01520,O01520,Success,896.46,2026-05-08T09:20:00+09:00
PAY01521,O01521,Success,2936.78,2026-05-08T09:27:00+09:00
PAY01522,O01522,Failed,0.00,2026-05-08T09:34:00+09:00
PAY01523,O01523,RetrySuccess,40.21,2026-05-08T09:41:00+09:00
PAY01524,O01524,Success,4133.77,2026-05-08T09:48:00+09:00
PAY01525,O01525,Success,1216.68,2026-05-08T09:55:00+09:00
PAY01526,O01526,Failed,0.00,2026-05-08T10:02:00+09:00
PAY01527,O01527,Failed,0.00,2026-05-08T10:09:00+09:00
PAY01528,O01528,RetrySuccess,1101.29,2026-05-08T10:16:00+09:00
PAY01529,O01529,Success,888.58,2026-05-08T10:23:00+09:00
PAY01530,O01530,Failed,0.00,2026-05-08T10:30:00+09:00
PAY01531,O01531,Success,1938.91,2026-05-08T10:37:00+09:00
PAY01532,O01532,RetrySuccess,2683.91,2026-05-08T10:44:00+09:00
PAY01533,O01533,Failed,0.00,2026-05-08T10:51:00+09:00
PAY01534,O01534,RetrySuccess,2521.67,2026-05-08T10:58:00+09:00
PAY01535,O01535,Failed,0.00,2026-05-08T11:05:00+09:00
PAY01536,O01536,Success,717.38,2026-05-08T11:12:00+09:00
PAY01537,O01537,RetrySuccess,2187.64,2026-05-08T11:19:00+09:00
PAY01538,O01538,Success,1094.88,2026-05-08T11:26:00+09:00
PAY01539,O01539,Failed,0.00,2026-05-08T11:33:00+09:00
PAY01540,O01540,Success,1420.24,2026-05-08T11:40:00+09:00
PAY01541,O01541,Success,2101.37,2026-05-08T11:47:00+09:00
PAY01542,O01542,Success,1305.05,2026-05-08T11:54:00+09:00
PAY01543,O01543,Success,498.49,2026-05-08T12:01:00+09:00
PAY01544,O01544,RetrySuccess,2671.20,2026-05-08T12:08:00+09:00
PAY01545,O01545,Failed,0.00,2026-05-08T12:15:00+09:00
PAY01546,O01546,Failed,0.00,2026-05-08T12:22:00+09:00
PAY01547,O01547,Success,1546.26,2026-05-08T12:29:00+09:00
PAY01548,O01548,RetrySuccess,1039.57,2026-05-08T12:36:00+09:00
PAY01549,O01549,Failed,0.00,2026-05-08T12:43:00+09:00
PAY01550,O01550,Failed,0.00,2026-05-08T12:50:00+09:00
PAY01551,O01551,RetrySuccess,2398.92,2026-05-08T12:57:00+09:00
PAY01552,O01552,Success,1236.22,2026-05-08T13:04:00+09:00
PAY01553,O01553,Success,2832.85,2026-05-08T13:11:00+09:00
PAY01554,O01554,Failed,0.00,2026-05-08T13:18:00+09:00
PAY01555,O01555,RetrySuccess,929.79,2026-05-08T13:25:00+09:00
PAY01556,O01556,RetrySuccess,376.28,2026-05-08T13:32:00+09:00
PAY01557,O01557,Success,342.65,2026-05-08T13:39:00+09:00
PAY01558,O01558,Failed,0.00,2026-05-08T13:46:00+09:00
PAY01559,O01559,Failed,0.00,2026-05-08T13:53:00+09:00
PAY01560,O01560,Success,121.66,2026-05-08T14:00:00+09:00
PAY01561,O01561,RetrySuccess,657.80,2026-05-08T14:07:00+09:00
PAY01562,O01562,RetrySuccess,3259.25,2026-05-08T14:14:00+09:00
PAY01563,O01563,RetrySuccess,2746.54,2026-05-08T14:21:00+09:00
PAY01564,O01564,RetrySuccess,882.00,2026-05-08T14:28:00+09:00
PAY01565,O01565,Success,824.74,2026-05-08T14:35:00+09:00
PAY01566,O01566,Failed,0.00,2026-05-08T14:42:00+09:00
PAY01567,O01567,Success,2167.23,2026-05-08T14:49:00+09:00
PAY01568,O01568,Failed,0.00,2026-05-08T14:56:00+09:00
PAY01569,O01569,Success,2513.72,2026-05-08T15:03:00+09:00
PAY01570,O01570,RetrySuccess,369.56,2026-05-08T15:10:00+09:00
PAY01571,O01571,Success,1627.18,2026-05-08T15:17:00+09:00
PAY01572,O01572,Success,172.08,2026-05-08T15:24:00+09:00
PAY01573,O01573,Failed,0.00,2026-05-08T15:31:00+09:00
PAY01574,O01574,Failed,0.00,2026-05-08T15:38:00+09:00
PAY01575,O01575,Failed,0.00,2026-05-08T15:45:00+09:00
PAY01576,O01576,Failed,0.00,2026-05-08T15:52:00+09:00
PAY01577,O01577,Success,3243.27,2026-05-08T15:59:00+09:00
PAY01578,O01578,RetrySuccess,2597.10,2026-05-08T16:06:00+09:00
PAY01579,O01579,Failed,0.00,2026-05-08T16:13:00+09:00
PAY01580,O01580,Failed,0.00,2026-05-08T16:20:00+09:00
PAY01581,O01581,Failed,0.00,2026-05-08T16:27:00+09:00
PAY01582,O01582,Success,891.68,2026-05-08T16:34:00+09:00
PAY01583,O01583,Failed,0.00,2026-05-08T16:41:00+09:00
PAY01584,O01584,RetrySuccess,2227.52,2026-05-08T16:48:00+09:00
PAY01585,O01585,Success,892.88,2026-05-08T16:55:00+09:00
PAY01586,O01586,Success,1410.45,2026-05-08T17:02:00+09:00
PAY01587,O01587,Success,1328.11,2026-05-08T17:09:00+09:00
PAY01588,O01588,RetrySuccess,4799.53,2026-05-08T17:16:00+09:00
PAY01589,O01589,RetrySuccess,1128.32,2026-05-08T17:23:00+09:00
PAY01590,O01590,RetrySuccess,1615.77,2026-05-08T17:30:00+09:00
PAY01591,O01591,Success,460.90,2026-05-08T17:37:00+09:00
PAY01592,O01592,Failed,0.00,2026-05-08T17:44:00+09:00
PAY01593,O01593,RetrySuccess,1263.10,2026-05-08T17:51:00+09:00
PAY01594,O01594,Success,2357.39,2026-05-08T17:58:00+09:00
PAY01595,O01595,Failed,0.00,2026-05-08T18:05:00+09:00
PAY01596,O01596,Failed,0.00,2026-05-08T18:12:00+09:00
PAY01597,O01597,RetrySuccess,2581.33,2026-05-08T18:19:00+09:00
PAY01598,O01598,Success,130.80,2026-05-08T18:26:00+09:00
PAY01599,O01599,Success,2596.64,2026-05-08T18:33:00+09:00
PAY01600,O01600,RetrySuccess,1209.72,2026-05-08T18:40:00+09:00
PAY01601,O01601,Success,3623.47,2026-05-08T18:47:00+09:00
PAY01602,O01602,Success,2261.82,2026-05-08T18:54:00+09:00
PAY01603,O01603,Failed,0.00,2026-05-08T19:01:00+09:00
PAY01604,O01604,Failed,0.00,2026-05-08T19:08:00+09:00
PAY01605,O01605,Failed,0.00,2026-05-08T19:15:00+09:00
PAY01606,O01606,RetrySuccess,2064.49,2026-05-08T19:22:00+09:00
PAY01607,O01607,Success,1698.71,2026-05-08T19:29:00+09:00
PAY01608,O01608,Success,993.02,2026-05-08T19:36:00+09:00
PAY01609,O01609,Success,3056.65,2026-05-08T19:43:00+09:00
PAY01610,O01610,Success,651.92,2026-05-08T19:50:00+09:00
PAY01611,O01611,Success,1263.29,2026-05-08T19:57:00+09:00
PAY01612,O01612,Success,1390.56,2026-05-08T20:04:00+09:00
PAY01613,O01613,Success,1828.02,2026-05-08T20:11:00+09:00
PAY01614,O01614,Success,3146.23,2026-05-08T20:18:00+09:00
PAY01615,O01615,Failed,0.00,2026-05-08T20:25:00+09:00
PAY01616,O01616,Success,1487.22,2026-05-08T20:32:00+09:00
PAY01617,O01617,Success,411.81,2026-05-08T20:39:00+09:00
PAY01618,O01618,Failed,0.00,2026-05-08T20:46:00+09:00
PAY01619,O01619,Success,549.44,2026-05-08T20:53:00+09:00
PAY01620,O01620,Failed,0.00,2026-05-08T21:00:00+09:00
PAY01621,O01621,Success,316.26,2026-05-08T21:07:00+09:00
PAY01622,O01622,Success,602.38,2026-05-08T21:14:00+09:00
PAY01623,O01623,Success,829.92,2026-05-08T21:21:00+09:00
PAY01624,O01624,Success,2669.32,2026-05-08T21:28:00+09:00
PAY01625,O01625,Failed,0.00,2026-05-08T21:35:00+09:00
PAY01626,O01626,RetrySuccess,1247.98,2026-05-08T21:42:00+09:00
PAY01627,O01627,Failed,0.00,2026-05-08T21:49:00+09:00
PAY01628,O01628,Failed,0.00,2026-05-08T21:56:00+09:00
PAY01629,O01629,Failed,0.00,2026-05-08T22:03:00+09:00
PAY01630,O01630,RetrySuccess,909.26,2026-05-08T22:10:00+09:00
PAY01631,O01631,Success,146.16,2026-05-08T22:17:00+09:00
PAY01632,O01632,Failed,0.00,2026-05-08T22:24:00+09:00
PAY01633,O01633,Success,2749.69,2026-05-08T22:31:00+09:00
PAY01634,O01634,Success,354.85,2026-05-08T22:38:00+09:00
PAY01635,O01635,Success,2574.27,2026-05-08T22:45:00+09:00
PAY01636,O01636,RetrySuccess,360.32,2026-05-08T22:52:00+09:00
PAY01637,O01637,Failed,0.00,2026-05-08T22:59:00+09:00
PAY01638,O01638,Success,1479.84,2026-05-08T23:06:00+09:00
PAY01639,O01639,Success,2210.26,2026-05-08T23:13:00+09:00
PAY01640,O01640,RetrySuccess,3066.42,2026-05-08T23:20:00+09:00
PAY01641,O01641,RetrySuccess,535.24,2026-05-08T23:27:00+09:00
PAY01642,O01642,RetrySuccess,621.74,2026-05-08T23:34:00+09:00
PAY01643,O01643,Failed,0.00,2026-05-08T23:41:00+09:00
PAY01644,O01644,Success,1568.25,2026-05-08T23:48:00+09:00
PAY01645,O01645,Failed,0.00,2026-05-08T23:55:00+09:00
PAY01646,O01646,RetrySuccess,1348.08,2026-05-09T00:02:00+09:00
PAY01647,O01647,Failed,0.00,2026-05-09T00:09:00+09:00
PAY01648,O01648,RetrySuccess,887.98,2026-05-09T00:16:00+09:00
PAY01649,O01649,Failed,0.00,2026-05-09T00:23:00+09:00
PAY01650,O01650,Failed,0.00,2026-05-09T00:30:00+09:00
PAY01651,O01651,Failed,0.00,2026-05-09T00:37:00+09:00
PAY01652,O01652,Failed,0.00,2026-05-09T00:44:00+09:00
PAY01653,O01653,Success,1796.10,2026-05-09T00:51:00+09:00
PAY01654,O01654,Success,715.65,2026-05-09T00:58:00+09:00
PAY01655,O01655,Failed,0.00,2026-05-09T01:05:00+09:00
PAY01656,O01656,RetrySuccess,1329.85,2026-05-09T01:12:00+09:00
PAY01657,O01657,Success,1281.00,2026-05-09T01:19:00+09:00
PAY01658,O01658,Success,774.59,2026-05-09T01:26:00+09:00
PAY01659,O01659,Success,523.90,2026-05-09T01:33:00+09:00
PAY01660,O01660,RetrySuccess,293.33,2026-05-09T01:40:00+09:00
PAY01661,O01661,Failed,0.00,2026-05-09T01:47:00+09:00
PAY01662,O01662,Success,964.47,2026-05-09T01:54:00+09:00
PAY01663,O01663,RetrySuccess,1270.40,2026-05-09T02:01:00+09:00
PAY01664,O01664,RetrySuccess,468.68,2026-05-09T02:08:00+09:00
PAY01665,O01665,Failed,0.00,2026-05-09T02:15:00+09:00
PAY01666,O01666,Success,451.56,2026-05-09T02:22:00+09:00
PAY01667,O01667,Failed,0.00,2026-05-09T02:29:00+09:00
PAY01668,O01668,RetrySuccess,1088.17,2026-05-09T02:36:00+09:00
PAY01669,O01669,Success,836.69,2026-05-09T02:43:00+09:00
PAY01670,O01670,RetrySuccess,372.57,2026-05-09T02:50:00+09:00
PAY01671,O01671,Failed,0.00,2026-05-09T02:57:00+09:00
PAY01672,O01672,Failed,0.00,2026-05-09T03:04:00+09:00
PAY01673,O01673,RetrySuccess,3116.18,2026-05-09T03:11:00+09:00
PAY01674,O01674,Success,3597.34,2026-05-09T03:18:00+09:00
PAY01675,O01675,Success,1879.99,2026-05-09T03:25:00+09:00
PAY01676,O01676,Failed,0.00,2026-05-09T03:32:00+09:00
PAY01677,O01677,Success,1684.13,2026-05-09T03:39:00+09:00
PAY01678,O01678,Success,1412.39,2026-05-09T03:46:00+09:00
PAY01679,O01679,Failed,0.00,2026-05-09T03:53:00+09:00
PAY01680,O01680,Success,1220.81,2026-05-09T04:00:00+09:00
PAY01681,O01681,RetrySuccess,868.17,2026-05-09T04:07:00+09:00
PAY01682,O01682,Success,1721.63,2026-05-09T04:14:00+09:00
PAY01683,O01683,RetrySuccess,439.98,2026-05-09T04:21:00+09:00
PAY01684,O01684,Failed,0.00,2026-05-09T04:28:00+09:00
PAY01685,O01685,Success,1690.86,2026-05-09T04:35:00+09:00
PAY01686,O01686,RetrySuccess,302.53,2026-05-09T04:42:00+09:00
PAY01687,O01687,Failed,0.00,2026-05-09T04:49:00+09:00
PAY01688,O01688,Failed,0.00,2026-05-09T04:56:00+09:00
PAY01689,O01689,Failed,0.00,2026-05-09T05:03:00+09:00
PAY01690,O01690,RetrySuccess,1544.80,2026-05-09T05:10:00+09:00
PAY01691,O01691,Success,2728.38,2026-05-09T05:17:00+09:00
PAY01692,O01692,Failed,0.00,2026-05-09T05:24:00+09:00
PAY01693,O01693,Failed,0.00,2026-05-09T05:31:00+09:00
PAY01694,O01694,Success,1292.16,2026-05-09T05:38:00+09:00
PAY01695,O01695,Failed,0.00,2026-05-09T05:45:00+09:00
PAY01696,O01696,Success,2764.15,2026-05-09T05:52:00+09:00
PAY01697,O01697,Success,3248.88,2026-05-09T05:59:00+09:00
PAY01698,O01698,Failed,0.00,2026-05-09T06:06:00+09:00
PAY01699,O01699,Success,249.28,2026-05-09T06:13:00+09:00
PAY01700,O01700,Success,2796.72,2026-05-09T06:20:00+09:00
PAY01701,O01701,Failed,0.00,2026-05-09T06:27:00+09:00
PAY01702,O01702,RetrySuccess,625.21,2026-05-09T06:34:00+09:00
PAY01703,O01703,Success,2111.53,2026-05-09T06:41:00+09:00
PAY01704,O01704,Failed,0.00,2026-05-09T06:48:00+09:00
PAY01705,O01705,RetrySuccess,1182.75,2026-05-09T06:55:00+09:00
PAY01706,O01706,Success,1328.60,2026-05-09T07:02:00+09:00
PAY01707,O01707,Failed,0.00,2026-05-09T07:09:00+09:00
PAY01708,O01708,Success,2077.95,2026-05-09T07:16:00+09:00
PAY01709,O01709,RetrySuccess,2603.71,2026-05-09T07:23:00+09:00
PAY01710,O01710,Success,3581.08,2026-05-09T07:30:00+09:00
PAY01711,O01711,Failed,0.00,2026-05-09T07:37:00+09:00
PAY01712,O01712,Failed,0.00,2026-05-09T07:44:00+09:00
PAY01713,O01713,Failed,0.00,2026-05-09T07:51:00+09:00
PAY01714,O01714,Failed,0.00,2026-05-09T07:58:00+09:00
PAY01715,O01715,RetrySuccess,338.19,2026-05-09T08:05:00+09:00
PAY01716,O01716,Success,2117.59,2026-05-09T08:12:00+09:00
PAY01717,O01717,Failed,0.00,2026-05-09T08:19:00+09:00
PAY01718,O01718,Success,454.13,2026-05-09T08:26:00+09:00
PAY01719,O01719,Success,2721.42,2026-05-09T08:33:00+09:00
PAY01720,O01720,Success,1944.56,2026-05-09T08:40:00+09:00
PAY01721,O01721,RetrySuccess,212.80,2026-05-09T08:47:00+09:00
PAY01722,O01722,Failed,0.00,2026-05-09T08:54:00+09:00
PAY01723,O01723,Success,4064.09,2026-05-09T09:01:00+09:00
PAY01724,O01724,Failed,0.00,2026-05-09T09:08:00+09:00
PAY01725,O01725,Success,2302.62,2026-05-09T09:15:00+09:00
PAY01726,O01726,Failed,0.00,2026-05-09T09:22:00+09:00
PAY01727,O01727,Success,3844.84,2026-05-09T09:29:00+09:00
PAY01728,O01728,Success,2145.32,2026-05-09T09:36:00+09:00
PAY01729,O01729,RetrySuccess,1615.87,2026-05-09T09:43:00+09:00
PAY01730,O01730,Failed,0.00,2026-05-09T09:50:00+09:00
PAY01731,O01731,RetrySuccess,1741.94,2026-05-09T09:57:00+09:00
PAY01732,O01732,RetrySuccess,1611.64,2026-05-09T10:04:00+09:00
PAY01733,O01733,RetrySuccess,301.79,2026-05-09T10:11:00+09:00
PAY01734,O01734,Failed,0.00,2026-05-09T10:18:00+09:00
PAY01735,O01735,Success,892.68,2026-05-09T10:25:00+09:00
PAY01736,O01736,Failed,0.00,2026-05-09T10:32:00+09:00
PAY01737,O01737,Failed,0.00,2026-05-09T10:39:00+09:00
PAY01738,O01738,RetrySuccess,3652.24,2026-05-09T10:46:00+09:00
PAY01739,O01739,Failed,0.00,2026-05-09T10:53:00+09:00
PAY01740,O01740,RetrySuccess,2868.39,2026-05-09T11:00:00+09:00
PAY01741,O01741,Success,396.57,2026-05-09T11:07:00+09:00
PAY01742,O01742,Success,670.07,2026-05-09T11:14:00+09:00
PAY01743,O01743,RetrySuccess,2368.24,2026-05-09T11:21:00+09:00
PAY01744,O01744,Success,874.23,2026-05-09T11:28:00+09:00
PAY01745,O01745,Success,1101.30,2026-05-09T11:35:00+09:00
PAY01746,O01746,Failed,0.00,2026-05-09T11:42:00+09:00
PAY01747,O01747,Failed,0.00,2026-05-09T11:49:00+09:00
PAY01748,O01748,Success,3373.56,2026-05-09T11:56:00+09:00
PAY01749,O01749,Failed,0.00,2026-05-09T12:03:00+09:00
PAY01750,O01750,RetrySuccess,409.78,2026-05-09T12:10:00+09:00
PAY01751,O01751,RetrySuccess,288.38,2026-05-09T12:17:00+09:00
PAY01752,O01752,RetrySuccess,419.14,2026-05-09T12:24:00+09:00
PAY01753,O01753,Success,1153.69,2026-05-09T12:31:00+09:00
PAY01754,O01754,Success,901.98,2026-05-09T12:38:00+09:00
PAY01755,O01755,Success,1144.45,2026-05-09T12:45:00+09:00
PAY01756,O01756,Failed,0.00,2026-05-09T12:52:00+09:00
PAY01757,O01757,Failed,0.00,2026-05-09T12:59:00+09:00
PAY01758,O01758,RetrySuccess,2863.28,2026-05-09T13:06:00+09:00
PAY01759,O01759,Success,2262.27,2026-05-09T13:13:00+09:00
PAY01760,O01760,Success,727.26,2026-05-09T13:20:00+09:00
PAY01761,O01761,RetrySuccess,3205.43,2026-05-09T13:27:00+09:00
PAY01762,O01762,Failed,0.00,2026-05-09T13:34:00+09:00
PAY01763,O01763,Success,1609.49,2026-05-09T13:41:00+09:00
PAY01764,O01764,Success,800.96,2026-05-09T13:48:00+09:00
PAY01765,O01765,Failed,0.00,2026-05-09T13:55:00+09:00
PAY01766,O01766,Failed,0.00,2026-05-09T14:02:00+09:00
PAY01767,O01767,Failed,0.00,2026-05-09T14:09:00+09:00
PAY01768,O01768,Success,258.74,2026-05-09T14:16:00+09:00
PAY01769,O01769,Success,3283.47,2026-05-09T14:23:00+09:00
PAY01770,O01770,RetrySuccess,544.94,2026-05-09T14:30:00+09:00
PAY01771,O01771,Failed,0.00,2026-05-09T14:37:00+09:00
PAY01772,O01772,Success,101.00,2026-05-09T14:44:00+09:00
PAY01773,O01773,Success,1678.13,2026-05-09T14:51:00+09:00
PAY01774,O01774,Success,1218.86,2026-05-09T14:58:00+09:00
PAY01775,O01775,Failed,0.00,2026-05-09T15:05:00+09:00
PAY01776,O01776,Success,775.54,2026-05-09T15:12:00+09:00
PAY01777,O01777,Success,486.47,2026-05-09T15:19:00+09:00
PAY01778,O01778,Failed,0.00,2026-05-09T15:26:00+09:00
PAY01779,O01779,Failed,0.00,2026-05-09T15:33:00+09:00
PAY01780,O01780,Failed,0.00,2026-05-09T15:40:00+09:00
PAY01781,O01781,Success,1751.61,2026-05-09T15:47:00+09:00
PAY01782,O01782,RetrySuccess,1672.80,2026-05-09T15:54:00+09:00
PAY01783,O01783,Success,1172.85,2026-05-09T16:01:00+09:00
PAY01784,O01784,Success,2935.88,2026-05-09T16:08:00+09:00
PAY01785,O01785,Success,1743.53,2026-05-09T16:15:00+09:00
PAY01786,O01786,Failed,0.00,2026-05-09T16:22:00+09:00
PAY01787,O01787,Success,736.99,2026-05-09T16:29:00+09:00
PAY01788,O01788,Success,341.40,2026-05-09T16:36:00+09:00
PAY01789,O01789,Success,838.84,2026-05-09T16:43:00+09:00
PAY01790,O01790,Failed,0.00,2026-05-09T16:50:00+09:00
PAY01791,O01791,Failed,0.00,2026-05-09T16:57:00+09:00
PAY01792,O01792,Success,1069.76,2026-05-09T17:04:00+09:00
PAY01793,O01793,Success,2462.34,2026-05-09T17:11:00+09:00
PAY01794,O01794,Success,4092.69,2026-05-09T17:18:00+09:00
PAY01795,O01795,Success,708.09,2026-05-09T17:25:00+09:00
PAY01796,O01796,RetrySuccess,540.50,2026-05-09T17:32:00+09:00
PAY01797,O01797,Success,983.25,2026-05-09T17:39:00+09:00
PAY01798,O01798,Success,1097.74,2026-05-09T17:46:00+09:00
PAY01799,O01799,RetrySuccess,975.33,2026-05-09T17:53:00+09:00
PAY01800,O01800,Failed,0.00,2026-05-09T18:00:00+09:00
PAY01801,O01801,Success,1675.91,2026-05-09T18:07:00+09:00
PAY01802,O01802,Failed,0.00,2026-05-09T18:14:00+09:00
PAY01803,O01803,Failed,0.00,2026-05-09T18:21:00+09:00
PAY01804,O01804,Success,407.20,2026-05-09T18:28:00+09:00
PAY01805,O01805,Failed,0.00,2026-05-09T18:35:00+09:00
PAY01806,O01806,Failed,0.00,2026-05-09T18:42:00+09:00
PAY01807,O01807,RetrySuccess,1207.21,2026-05-09T18:49:00+09:00
PAY01808,O01808,Success,1309.15,2026-05-09T18:56:00+09:00
PAY01809,O01809,Success,800.32,2026-05-09T19:03:00+09:00
PAY01810,O01810,Success,2669.58,2026-05-09T19:10:00+09:00
PAY01811,O01811,RetrySuccess,2066.53,2026-05-09T19:17:00+09:00
PAY01812,O01812,Success,582.80,2026-05-09T19:24:00+09:00
PAY01813,O01813,Success,3886.33,2026-05-09T19:31:00+09:00
PAY01814,O01814,Success,3783.50,2026-05-09T19:38:00+09:00
PAY01815,O01815,Success,205.70,2026-05-09T19:45:00+09:00
PAY01816,O01816,Success,787.22,2026-05-09T19:52:00+09:00
PAY01817,O01817,RetrySuccess,2944.16,2026-05-09T19:59:00+09:00
PAY01818,O01818,Success,917.76,2026-05-09T20:06:00+09:00
PAY01819,O01819,Success,1016.68,2026-05-09T20:13:00+09:00
PAY01820,O01820,Success,642.64,2026-05-09T20:20:00+09:00
PAY01821,O01821,RetrySuccess,2485.40,2026-05-09T20:27:00+09:00
PAY01822,O01822,Failed,0.00,2026-05-09T20:34:00+09:00
PAY01823,O01823,RetrySuccess,1236.69,2026-05-09T20:41:00+09:00
PAY01824,O01824,RetrySuccess,1659.42,2026-05-09T20:48:00+09:00
PAY01825,O01825,Success,633.21,2026-05-09T20:55:00+09:00
PAY01826,O01826,RetrySuccess,1114.90,2026-05-09T21:02:00+09:00
PAY01827,O01827,Success,1000.83,2026-05-09T21:09:00+09:00
PAY01828,O01828,Success,987.95,2026-05-09T21:16:00+09:00
PAY01829,O01829,Success,4683.86,2026-05-09T21:23:00+09:00
PAY01830,O01830,RetrySuccess,989.24,2026-05-09T21:30:00+09:00
PAY01831,O01831,Success,333.80,2026-05-09T21:37:00+09:00
PAY01832,O01832,Failed,0.00,2026-05-09T21:44:00+09:00
PAY01833,O01833,Failed,0.00,2026-05-09T21:51:00+09:00
PAY01834,O01834,Failed,0.00,2026-05-09T21:58:00+09:00
PAY01835,O01835,RetrySuccess,269.85,2026-05-09T22:05:00+09:00
PAY01836,O01836,RetrySuccess,2366.03,2026-05-09T22:12:00+09:00
PAY01837,O01837,RetrySuccess,521.12,2026-05-09T22:19:00+09:00
PAY01838,O01838,Success,2649.67,2026-05-09T22:26:00+09:00
PAY01839,O01839,Success,3703.47,2026-05-09T22:33:00+09:00
PAY01840,O01840,Success,2645.48,2026-05-09T22:40:00+09:00
PAY01841,O01841,Success,3302.18,2026-05-09T22:47:00+09:00
PAY01842,O01842,Success,1310.09,2026-05-09T22:54:00+09:00
PAY01843,O01843,Failed,0.00,2026-05-09T23:01:00+09:00
PAY01844,O01844,Failed,0.00,2026-05-09T23:08:00+09:00
PAY01845,O01845,Success,4236.13,2026-05-09T23:15:00+09:00
PAY01846,O01846,Success,1999.65,2026-05-09T23:22:00+09:00
PAY01847,O01847,Failed,0.00,2026-05-09T23:29:00+09:00
PAY01848,O01848,Success,1221.34,2026-05-09T23:36:00+09:00
PAY01849,O01849,Success,3188.49,2026-05-09T23:43:00+09:00
PAY01850,O01850,Failed,0.00,2026-05-09T23:50:00+09:00
PAY01851,O01851,RetrySuccess,3059.88,2026-05-09T23:57:00+09:00
PAY01852,O01852,RetrySuccess,772.84,2026-05-10T00:04:00+09:00
PAY01853,O01853,Success,1532.09,2026-05-10T00:11:00+09:00
PAY01854,O01854,RetrySuccess,3743.01,2026-05-10T00:18:00+09:00
PAY01855,O01855,Success,1102.28,2026-05-10T00:25:00+09:00
PAY01856,O01856,Success,625.66,2026-05-10T00:32:00+09:00
PAY01857,O01857,RetrySuccess,595.65,2026-05-10T00:39:00+09:00
PAY01858,O01858,Success,2301.76,2026-05-10T00:46:00+09:00
PAY01859,O01859,Success,558.06,2026-05-10T00:53:00+09:00
PAY01860,O01860,Failed,0.00,2026-05-10T01:00:00+09:00
PAY01861,O01861,RetrySuccess,705.79,2026-05-10T01:07:00+09:00
PAY01862,O01862,Failed,0.00,2026-05-10T01:14:00+09:00
PAY01863,O01863,Failed,0.00,2026-05-10T01:21:00+09:00
PAY01864,O01864,Failed,0.00,2026-05-10T01:28:00+09:00
PAY01865,O01865,Success,648.93,2026-05-10T01:35:00+09:00
PAY01866,O01866,Success,2799.63,2026-05-10T01:42:00+09:00
PAY01867,O01867,Success,983.43,2026-05-10T01:49:00+09:00
PAY01868,O01868,Success,4113.94,2026-05-10T01:56:00+09:00
PAY01869,O01869,Success,2410.09,2026-05-10T02:03:00+09:00
PAY01870,O01870,Success,1423.44,2026-05-10T02:10:00+09:00
PAY01871,O01871,Success,2624.04,2026-05-10T02:17:00+09:00
PAY01872,O01872,Failed,0.00,2026-05-10T02:24:00+09:00
PAY01873,O01873,Failed,0.00,2026-05-10T02:31:00+09:00
PAY01874,O01874,Failed,0.00,2026-05-10T02:38:00+09:00
PAY01875,O01875,Failed,0.00,2026-05-10T02:45:00+09:00
PAY01876,O01876,RetrySuccess,1999.44,2026-05-10T02:52:00+09:00
PAY01877,O01877,Success,2389.20,2026-05-10T02:59:00+09:00
PAY01878,O01878,Success,3267.98,2026-05-10T03:06:00+09:00
PAY01879,O01879,Success,136.46,2026-05-10T03:13:00+09:00
PAY01880,O01880,Success,64.32,2026-05-10T03:20:00+09:00
PAY01881,O01881,Success,2091.94,2026-05-10T03:27:00+09:00
PAY01882,O01882,Success,718.88,2026-05-10T03:34:00+09:00
PAY01883,O01883,Failed,0.00,2026-05-10T03:41:00+09:00
PAY01884,O01884,Failed,0.00,2026-05-10T03:48:00+09:00
PAY01885,O01885,Success,1458.08,2026-05-10T03:55:00+09:00
PAY01886,O01886,Success,1026.94,2026-05-10T04:02:00+09:00
PAY01887,O01887,Failed,0.00,2026-05-10T04:09:00+09:00
PAY01888,O01888,RetrySuccess,1689.78,2026-05-10T04:16:00+09:00
PAY01889,O01889,Success,2599.76,2026-05-10T04:23:00+09:00
PAY01890,O01890,RetrySuccess,651.60,2026-05-10T04:30:00+09:00
PAY01891,O01891,RetrySuccess,3684.32,2026-05-10T04:37:00+09:00
PAY01892,O01892,Success,422.72,2026-05-10T04:44:00+09:00
PAY01893,O01893,Failed,0.00,2026-05-10T04:51:00+09:00
PAY01894,O01894,Failed,0.00,2026-05-10T04:58:00+09:00
PAY01895,O01895,Failed,0.00,2026-05-10T05:05:00+09:00
PAY01896,O01896,RetrySuccess,4311.46,2026-05-10T05:12:00+09:00
PAY01897,O01897,Failed,0.00,2026-05-10T05:19:00+09:00
PAY01898,O01898,RetrySuccess,2267.93,2026-05-10T05:26:00+09:00
PAY01899,O01899,Success,650.66,2026-05-10T05:33:00+09:00
PAY01900,O01900,Success,1389.08,2026-05-10T05:40:00+09:00
PAY01901,O01901,Success,1658.92,2026-05-10T05:47:00+09:00
PAY01902,O01902,Success,63.88,2026-05-10T05:54:00+09:00
PAY01903,O01903,Success,2642.51,2026-05-10T06:01:00+09:00
PAY01904,O01904,Failed,0.00,2026-05-10T06:08:00+09:00
PAY01905,O01905,Success,2330.02,2026-05-10T06:15:00+09:00
PAY01906,O01906,Success,5049.64,2026-05-10T06:22:00+09:00
PAY01907,O01907,Failed,0.00,2026-05-10T06:29:00+09:00
PAY01908,O01908,Success,396.74,2026-05-10T06:36:00+09:00
PAY01909,O01909,RetrySuccess,919.46,2026-05-10T06:43:00+09:00
PAY01910,O01910,Success,3203.07,2026-05-10T06:50:00+09:00
PAY01911,O01911,Failed,0.00,2026-05-10T06:57:00+09:00
PAY01912,O01912,Success,1944.64,2026-05-10T07:04:00+09:00
PAY01913,O01913,Failed,0.00,2026-05-10T07:11:00+09:00
PAY01914,O01914,RetrySuccess,928.11,2026-05-10T07:18:00+09:00
PAY01915,O01915,Success,1996.80,2026-05-10T07:25:00+09:00
PAY01916,O01916,Success,2609.89,2026-05-10T07:32:00+09:00
PAY01917,O01917,Success,328.11,2026-05-10T07:39:00+09:00
PAY01918,O01918,Failed,0.00,2026-05-10T07:46:00+09:00
PAY01919,O01919,Failed,0.00,2026-05-10T07:53:00+09:00
PAY01920,O01920,Failed,0.00,2026-05-10T08:00:00+09:00
PAY01921,O01921,Success,3334.80,2026-05-10T08:07:00+09:00
PAY01922,O01922,Success,286.64,2026-05-10T08:14:00+09:00
PAY01923,O01923,Success,699.07,2026-05-10T08:21:00+09:00
PAY01924,O01924,Success,945.72,2026-05-10T08:28:00+09:00
PAY01925,O01925,RetrySuccess,3738.91,2026-05-10T08:35:00+09:00
PAY01926,O01926,Failed,0.00,2026-05-10T08:42:00+09:00
PAY01927,O01927,RetrySuccess,106.27,2026-05-10T08:49:00+09:00
PAY01928,O01928,Success,912.19,2026-05-10T08:56:00+09:00
PAY01929,O01929,Failed,0.00,2026-05-10T09:03:00+09:00
PAY01930,O01930,Failed,0.00,2026-05-10T09:10:00+09:00
PAY01931,O01931,Success,589.34,2026-05-10T09:17:00+09:00
PAY01932,O01932,RetrySuccess,406.73,2026-05-10T09:24:00+09:00
PAY01933,O01933,Success,420.80,2026-05-10T09:31:00+09:00
PAY01934,O01934,Failed,0.00,2026-05-10T09:38:00+09:00
PAY01935,O01935,RetrySuccess,1226.53,2026-05-10T09:45:00+09:00
PAY01936,O01936,Success,4373.37,2026-05-10T09:52:00+09:00
PAY01937,O01937,Failed,0.00,2026-05-10T09:59:00+09:00
PAY01938,O01938,RetrySuccess,1130.80,2026-05-10T10:06:00+09:00
PAY01939,O01939,Success,212.18,2026-05-10T10:13:00+09:00
PAY01940,O01940,Success,1230.61,2026-05-10T10:20:00+09:00
PAY01941,O01941,Failed,0.00,2026-05-10T10:27:00+09:00
PAY01942,O01942,Success,1625.96,2026-05-10T10:34:00+09:00
PAY01943,O01943,Success,3262.97,2026-05-10T10:41:00+09:00
PAY01944,O01944,Failed,0.00,2026-05-10T10:48:00+09:00
PAY01945,O01945,Success,560.21,2026-05-10T10:55:00+09:00
PAY01946,O01946,Success,1892.31,2026-05-10T11:02:00+09:00
PAY01947,O01947,Failed,0.00,2026-05-10T11:09:00+09:00
PAY01948,O01948,Failed,0.00,2026-05-10T11:16:00+09:00
PAY01949,O01949,RetrySuccess,1483.77,2026-05-10T11:23:00+09:00
PAY01950,O01950,Success,1253.56,2026-05-10T11:30:00+09:00
PAY01951,O01951,Failed,0.00,2026-05-10T11:37:00+09:00
PAY01952,O01952,Success,730.24,2026-05-10T11:44:00+09:00
PAY01953,O01953,Failed,0.00,2026-05-10T11:51:00+09:00
PAY01954,O01954,Success,1789.65,2026-05-10T11:58:00+09:00
PAY01955,O01955,RetrySuccess,1012.47,2026-05-10T12:05:00+09:00
PAY01956,O01956,RetrySuccess,1463.23,2026-05-10T12:12:00+09:00
PAY01957,O01957,Failed,0.00,2026-05-10T12:19:00+09:00
PAY01958,O01958,Failed,0.00,2026-05-10T12:26:00+09:00
PAY01959,O01959,Success,2891.22,2026-05-10T12:33:00+09:00
PAY01960,O01960,Failed,0.00,2026-05-10T12:40:00+09:00
PAY01961,O01961,Failed,0.00,2026-05-10T12:47:00+09:00
PAY01962,O01962,RetrySuccess,746.77,2026-05-10T12:54:00+09:00
PAY01963,O01963,Success,2077.95,2026-05-10T13:01:00+09:00
PAY01964,O01964,RetrySuccess,502.59,2026-05-10T13:08:00+09:00
PAY01965,O01965,Success,2144.55,2026-05-10T13:15:00+09:00
PAY01966,O01966,RetrySuccess,1609.99,2026-05-10T13:22:00+09:00
PAY01967,O01967,Success,1516.98,2026-05-10T13:29:00+09:00
PAY01968,O01968,Failed,0.00,2026-05-10T13:36:00+09:00
PAY01969,O01969,Failed,0.00,2026-05-10T13:43:00+09:00
PAY01970,O01970,Failed,0.00,2026-05-10T13:50:00+09:00
PAY01971,O01971,Failed,0.00,2026-05-10T13:57:00+09:00
PAY01972,O01972,Success,2438.59,2026-05-10T14:04:00+09:00
PAY01973,O01973,Success,385.44,2026-05-10T14:11:00+09:00
PAY01974,O01974,Success,181.45,2026-05-10T14:18:00+09:00
PAY01975,O01975,Success,1347.91,2026-05-10T14:25:00+09:00
PAY01976,O01976,Failed,0.00,2026-05-10T14:32:00+09:00
PAY01977,O01977,Success,666.73,2026-05-10T14:39:00+09:00
PAY01978,O01978,Failed,0.00,2026-05-10T14:46:00+09:00
PAY01979,O01979,RetrySuccess,1785.81,2026-05-10T14:53:00+09:00
PAY01980,O01980,Success,630.74,2026-05-10T15:00:00+09:00
PAY01981,O01981,Success,913.37,2026-05-10T15:07:00+09:00
PAY01982,O01982,Success,3309.07,2026-05-10T15:14:00+09:00
PAY01983,O01983,Success,2434.91,2026-05-10T15:21:00+09:00
PAY01984,O01984,Success,1940.80,2026-05-10T15:28:00+09:00
PAY01985,O01985,Failed,0.00,2026-05-10T15:35:00+09:00
PAY01986,O01986,Success,2221.77,2026-05-10T15:42:00+09:00
PAY01987,O01987,Success,2340.07,2026-05-10T15:49:00+09:00
PAY01988,O01988,Success,2884.31,2026-05-10T15:56:00+09:00
PAY01989,O01989,Failed,0.00,2026-05-10T16:03:00+09:00
PAY01990,O01990,Failed,0.00,2026-05-10T16:10:00+09:00
PAY01991,O01991,Success,2097.38,2026-05-10T16:17:00+09:00
PAY01992,O01992,Failed,0.00,2026-05-10T16:24:00+09:00
PAY01993,O01993,Success,2087.86,2026-05-10T16:31:00+09:00
PAY01994,O01994,RetrySuccess,1421.13,2026-05-10T16:38:00+09:00
PAY01995,O01995,Success,1677.40,2026-05-10T16:45:00+09:00
PAY01996,O01996,Success,974.99,2026-05-10T16:52:00+09:00
PAY01997,O01997,Success,1879.51,2026-05-10T16:59:00+09:00
PAY01998,O01998,Failed,0.00,2026-05-10T17:06:00+09:00
PAY01999,O01999,Failed,0.00,2026-05-10T17:13:00+09:00
PAY02000,O02000,Failed,0.00,2026-05-10T17:20:00+09:00
PAY02001,O09001,Success,57.00,2026-05-16T10:00:00+09:00
PAY02002,O09002,Success,32.20,2026-05-16T10:05:00+09:00
PAY02003,O09003,Success,13.70,2026-05-17T10:10:00+09:00
PAY90001,O99999,Success,100.00,2026-05-02T10:00:00+09:00
